{
	"m_CorrespondingSourceObject": { "m_Collection": "resources.assets", "m_PathID": 0 },
	"m_EditorClassIdentifier": "",
	"m_EditorHideFlags": 0,
	"m_Enabled": 1,
	"m_GameObject": { "m_Collection": "resources.assets", "m_PathID": 0 },
	"m_HideFlags": 0,
	"m_Name": "lootTable_crescentkeepChest",
	"m_PrefabAsset": { "m_Collection": "resources.assets", "m_PathID": 0 },
	"m_PrefabInstance": { "m_Collection": "resources.assets", "m_PathID": 0 },
	"m_Script": { "m_Collection": "resources.assets", "m_PathID": 321 },
	"m_Structure": {
		"_itemDrops": [
			{
				"_itemTag": "Tome of Lesser Experience (5%)",
				"_item": { "m_Collection": "resources.assets", "m_PathID": 83144 },
				"_dropChance": 0.05,
				"_dropQuantity": 1
			},
			{
				"_itemTag": "Soul Pearl (0.8%)",
				"_item": { "m_Collection": "resources.assets", "m_PathID": 83190 },
				"_dropChance": 0.008,
				"_dropQuantity": 1
			},
			{
				"_itemTag": "Illusion Stone (1.7%)",
				"_item": { "m_Collection": "resources.assets", "m_PathID": 274 },
				"_dropChance": 0.017,
				"_dropQuantity": 1
			},
			{
				"_itemTag": "Might Stone (10.3%)",
				"_item": { "m_Collection": "resources.assets", "m_PathID": 83174 },
				"_dropChance": 0.103,
				"_dropQuantity": 1
			},
			{
				"_itemTag": "Agility Stone (10.3%)",
				"_item": { "m_Collection": "resources.assets", "m_PathID": 83148 },
				"_dropChance": 0.103,
				"_dropQuantity": 1
			},
			{
				"_itemTag": "Flux Stone (10.3%)",
				"_item": { "m_Collection": "resources.assets", "m_PathID": 83162 },
				"_dropChance": 0.103,
				"_dropQuantity": 1
			},
			{
				"_itemTag": "Rock (15%)",
				"_item": { "m_Collection": "resources.assets", "m_PathID": 275 },
				"_dropChance": 0.15,
				"_dropQuantity": 1
			},
			{
				"_itemTag": "Noble Shirt (6.2%)",
				"_item": { "m_Collection": "resources.assets", "m_PathID": 82891 },
				"_dropChance": 0.062,
				"_dropQuantity": 1
			},
			{
				"_itemTag": "Omen Shield (21.4%)",
				"_item": { "m_Collection": "resources.assets", "m_PathID": 82958 },
				"_dropChance": 0.214,
				"_dropQuantity": 1
			},
			{
				"_itemTag": "Stone Greatblade (34.2%)",
				"_item": { "m_Collection": "resources.assets", "m_PathID": 83054 },
				"_dropChance": 0.342,
				"_dropQuantity": 1
			},
			{
				"_itemTag": "Rugged Cloak (25%)",
				"_item": { "m_Collection": "resources.assets", "m_PathID": 82884 },
				"_dropChance": 0.25,
				"_dropQuantity": 1
			},
			{
				"_itemTag": "Skywrill Tabard (6.3%)",
				"_item": { "m_Collection": "resources.assets", "m_PathID": 82903 },
				"_dropChance": 0.063,
				"_dropQuantity": 1
			},
			{
				"_itemTag": "Iris Shield (25%)",
				"_item": { "m_Collection": "resources.assets", "m_PathID": 82957 },
				"_dropChance": 0.25,
				"_dropQuantity": 1
			},
			{
				"_itemTag": "Cryo Cane (26.2%)",
				"_item": { "m_Collection": "resources.assets", "m_PathID": 83077 },
				"_dropChance": 0.262,
				"_dropQuantity": 1
			},
			{
				"_itemTag": "Rude Blade (14.2%)",
				"_item": { "m_Collection": "resources.assets", "m_PathID": 83040 },
				"_dropChance": 0.142,
				"_dropQuantity": 1
			},
			{
				"_itemTag": "Dawn Mace (34.3%)",
				"_item": { "m_Collection": "resources.assets", "m_PathID": 83039 },
				"_dropChance": 0.343,
				"_dropQuantity": 1
			},
			{
				"_itemTag": "Sleeper\u0027s Robe (25.1%)",
				"_item": { "m_Collection": "resources.assets", "m_PathID": 82900 },
				"_dropChance": 0.251,
				"_dropQuantity": 1
			},
			{
				"_itemTag": "Menace Bow (9%)",
				"_item": { "m_Collection": "resources.assets", "m_PathID": 83021 },
				"_dropChance": 0.09,
				"_dropQuantity": 1
			},
			{
				"_itemTag": "Runic Katars (9.8%)",
				"_item": { "m_Collection": "resources.assets", "m_PathID": 82999 },
				"_dropChance": 0.098,
				"_dropQuantity": 1
			},
			{
				"_itemTag": "Iron Halo (9.4%)",
				"_item": { "m_Collection": "resources.assets", "m_PathID": 82868 },
				"_dropChance": 0.094,
				"_dropQuantity": 1
			},
			{
				"_itemTag": "Rage Circlet (13.5%)",
				"_item": { "m_Collection": "resources.assets", "m_PathID": 82852 },
				"_dropChance": 0.135,
				"_dropQuantity": 1
			},
			{
				"_itemTag": "Magistrate Circlet (11.7%)",
				"_item": { "m_Collection": "resources.assets", "m_PathID": 82851 },
				"_dropChance": 0.117,
				"_dropQuantity": 1
			},
			{
				"_itemTag": "Focus Circlet (12.6%)",
				"_item": { "m_Collection": "resources.assets", "m_PathID": 82850 },
				"_dropChance": 0.126,
				"_dropQuantity": 1
			},
			{
				"_itemTag": "Bolster Vial (4.3%)",
				"_item": { "m_Collection": "resources.assets", "m_PathID": 83135 },
				"_dropChance": 0.043,
				"_dropQuantity": 1
			},
			{
				"_itemTag": "Wisdom Vial (4.3%)",
				"_item": { "m_Collection": "resources.assets", "m_PathID": 83137 },
				"_dropChance": 0.043,
				"_dropQuantity": 1
			},
			{
				"_itemTag": "Agility Vial (4.3%)",
				"_item": { "m_Collection": "resources.assets", "m_PathID": 83134 },
				"_dropChance": 0.043,
				"_dropQuantity": 1
			}
		],
		"_currencyAmount": 3
	}
}