{
	"m_CorrespondingSourceObject": { "m_Collection": "resources.assets", "m_PathID": 0 },
	"m_EditorClassIdentifier": "",
	"m_EditorHideFlags": 0,
	"m_Enabled": 1,
	"m_GameObject": { "m_Collection": "resources.assets", "m_PathID": 0 },
	"m_HideFlags": 0,
	"m_Name": "(lv-10) CAPE_Regazuul Cape",
	"m_PrefabAsset": { "m_Collection": "resources.assets", "m_PathID": 0 },
	"m_PrefabInstance": { "m_Collection": "resources.assets", "m_PathID": 0 },
	"m_Script": { "m_Collection": "resources.assets", "m_PathID": 770 },
	"m_Structure": {
		"_itemType": 0,
		"_itemName": "Regazuul Cape",
		"_itemIcon": { "m_Collection": "resources.assets", "m_PathID": 5772 },
		"_itemRarity": 2,
		"_itemSortTag": 0,
		"_destroyOnDrop": false,
		"_itemDescription": "A long forgotten heirloom of Lord Zuulneruda.",
		"_scriptableQuest": { "m_Collection": "resources.assets", "m_PathID": 0 },
		"_questTriggerTag": "",
		"_vendorCost": 400,
		"_maxStackAmount": 1,
		"_equipmentLevel": 10,
		"_classRequirement": { "m_Collection": "resources.assets", "m_PathID": 0 },
		"_equipType": 0,
		"_statArray": {
			"_maxHealth": 0,
			"_maxMana": 0,
			"_maxStamina": 0,
			"_experience": 0,
			"_attackPower": 1,
			"_magicPower": 1,
			"_dexPower": 1,
			"_criticalRate": 0,
			"_magicCriticalRate": 0,
			"_evasion": 0,
			"_defense": 5,
			"_magicDefense": 0,
			"_fireResist": 0,
			"_waterResist": 0,
			"_natureResist": 0,
			"_earthResist": 0,
			"_holyResist": 0,
			"_shadowResist": 0
		},
		"_statModifierTable": { "m_Collection": "resources.assets", "m_PathID": 0 },
		"_statModifierCost": {
			"_scriptItem": { "m_Collection": "resources.assets", "m_PathID": 0 },
			"_scriptItemQuantity": 1
		},
		"_conditionResistances": [
			
		],
		"_armorTexture": { "m_Collection": "resources.assets", "m_PathID": 1773 },
		"_colorAdjustParams": {
			"_hue": -1,
			"_saturation": 0.65,
			"_brightness": 0.03,
			"_contrast": 1.29
		},
		"_canDyeArmor": false,
		"_capeMesh": { "m_Collection": "resources.assets", "m_PathID": 2413 }
	}
}