{
	"m_CorrespondingSourceObject": { "m_Collection": "resources.assets", "m_PathID": 0 },
	"m_EditorClassIdentifier": "",
	"m_EditorHideFlags": 0,
	"m_Enabled": 1,
	"m_GameObject": { "m_Collection": "resources.assets", "m_PathID": 0 },
	"m_HideFlags": 0,
	"m_Name": "(lv-4) CAPE_Initiate Cloak",
	"m_PrefabAsset": { "m_Collection": "resources.assets", "m_PathID": 0 },
	"m_PrefabInstance": { "m_Collection": "resources.assets", "m_PathID": 0 },
	"m_Script": { "m_Collection": "resources.assets", "m_PathID": 770 },
	"m_Structure": {
		"_itemType": 0,
		"_itemName": "Initiate Cloak",
		"_itemIcon": { "m_Collection": "resources.assets", "m_PathID": 5863 },
		"_itemRarity": 0,
		"_itemSortTag": 0,
		"_destroyOnDrop": false,
		"_itemDescription": "New beginnings.",
		"_scriptableQuest": { "m_Collection": "resources.assets", "m_PathID": 0 },
		"_questTriggerTag": "",
		"_vendorCost": 18,
		"_maxStackAmount": 1,
		"_equipmentLevel": 4,
		"_classRequirement": { "m_Collection": "resources.assets", "m_PathID": 0 },
		"_equipType": 0,
		"_statArray": {
			"_maxHealth": 0,
			"_maxMana": 0,
			"_maxStamina": 0,
			"_experience": 0,
			"_attackPower": 0,
			"_magicPower": 0,
			"_dexPower": 0,
			"_criticalRate": 0,
			"_magicCriticalRate": 0,
			"_evasion": 0,
			"_defense": 1,
			"_magicDefense": 0,
			"_fireResist": 0,
			"_waterResist": 0,
			"_natureResist": 0,
			"_earthResist": 0,
			"_holyResist": 0,
			"_shadowResist": 0
		},
		"_statModifierTable": { "m_Collection": "resources.assets", "m_PathID": 83448 },
		"_statModifierCost": {
			"_scriptItem": { "m_Collection": "resources.assets", "m_PathID": 0 },
			"_scriptItemQuantity": 1
		},
		"_conditionResistances": [
			
		],
		"_armorTexture": { "m_Collection": "resources.assets", "m_PathID": 1803 },
		"_colorAdjustParams": {
			"_hue": -300,
			"_saturation": 2,
			"_brightness": 0.32,
			"_contrast": 1.46
		},
		"_canDyeArmor": false,
		"_capeMesh": { "m_Collection": "resources.assets", "m_PathID": 2413 }
	}
}