{
	"m_CorrespondingSourceObject": { "m_Collection": "resources.assets", "m_PathID": 0 },
	"m_EditorClassIdentifier": "",
	"m_EditorHideFlags": 0,
	"m_Enabled": 1,
	"m_GameObject": { "m_Collection": "resources.assets", "m_PathID": 0 },
	"m_HideFlags": 0,
	"m_Name": "(lv-16) CAPE_Deathward Cape",
	"m_PrefabAsset": { "m_Collection": "resources.assets", "m_PathID": 0 },
	"m_PrefabInstance": { "m_Collection": "resources.assets", "m_PathID": 0 },
	"m_Script": { "m_Collection": "resources.assets", "m_PathID": 770 },
	"m_Structure": {
		"_itemType": 0,
		"_itemName": "Deathward Cape",
		"_itemIcon": { "m_Collection": "resources.assets", "m_PathID": 4898 },
		"_itemRarity": 2,
		"_itemSortTag": 0,
		"_destroyOnDrop": false,
		"_itemDescription": "You can hear the laughter from the skull motif.",
		"_scriptableQuest": { "m_Collection": "resources.assets", "m_PathID": 0 },
		"_questTriggerTag": "",
		"_vendorCost": 1530,
		"_maxStackAmount": 1,
		"_equipmentLevel": 16,
		"_classRequirement": { "m_Collection": "resources.assets", "m_PathID": 0 },
		"_equipType": 0,
		"_statArray": {
			"_maxHealth": 0,
			"_maxMana": 0,
			"_maxStamina": 0,
			"_experience": 0,
			"_attackPower": 0,
			"_magicPower": 0,
			"_dexPower": 0,
			"_criticalRate": 0,
			"_magicCriticalRate": 0,
			"_evasion": 0,
			"_defense": 5,
			"_magicDefense": 8,
			"_fireResist": 0,
			"_waterResist": 0,
			"_natureResist": 0,
			"_earthResist": 0,
			"_holyResist": 0,
			"_shadowResist": 3
		},
		"_statModifierTable": { "m_Collection": "resources.assets", "m_PathID": 0 },
		"_statModifierCost": {
			"_scriptItem": { "m_Collection": "resources.assets", "m_PathID": 0 },
			"_scriptItemQuantity": 0
		},
		"_conditionResistances": [
			{
				"_conditionTag": "Condition Resistance: Curse",
				"_conditionGroup": { "m_Collection": "resources.assets", "m_PathID": 82783 },
				"_resistancePercent": 0.018
			}
		],
		"_armorTexture": { "m_Collection": "resources.assets", "m_PathID": 2253 },
		"_colorAdjustParams": {
			"_hue": 11,
			"_saturation": 0.94,
			"_brightness": -0.14,
			"_contrast": 1.01
		},
		"_canDyeArmor": true,
		"_capeMesh": { "m_Collection": "resources.assets", "m_PathID": 2413 }
	}
}