{
	"m_CorrespondingSourceObject": { "m_Collection": "resources.assets", "m_PathID": 0 },
	"m_EditorClassIdentifier": "",
	"m_EditorHideFlags": 0,
	"m_Enabled": 1,
	"m_GameObject": { "m_Collection": "resources.assets", "m_PathID": 0 },
	"m_HideFlags": 0,
	"m_Name": "(lv-18) WEAPON_Colossus Tone (Magic Bell, Mind)",
	"m_PrefabAsset": { "m_Collection": "resources.assets", "m_PathID": 0 },
	"m_PrefabInstance": { "m_Collection": "resources.assets", "m_PathID": 0 },
	"m_Script": { "m_Collection": "resources.assets", "m_PathID": 751 },
	"m_Structure": {
		"_itemType": 0,
		"_itemName": "Colossus Tone",
		"_itemIcon": { "m_Collection": "resources.assets", "m_PathID": 4945 },
		"_itemRarity": 1,
		"_itemSortTag": 0,
		"_destroyOnDrop": false,
		"_itemDescription": "Pieces of a Colossus are embedded into this bell.",
		"_scriptableQuest": { "m_Collection": "resources.assets", "m_PathID": 0 },
		"_questTriggerTag": "",
		"_vendorCost": 1350,
		"_maxStackAmount": 1,
		"_equipmentLevel": 18,
		"_classRequirement": { "m_Collection": "resources.assets", "m_PathID": 0 },
		"_equipType": 1,
		"_statArray": {
			"_maxHealth": 0,
			"_maxMana": 0,
			"_maxStamina": 0,
			"_experience": 0,
			"_attackPower": 0,
			"_magicPower": 15,
			"_dexPower": 0,
			"_criticalRate": 0,
			"_magicCriticalRate": 0,
			"_evasion": 0,
			"_defense": 0,
			"_magicDefense": 0,
			"_fireResist": 0,
			"_waterResist": 0,
			"_natureResist": 0,
			"_earthResist": 0,
			"_holyResist": 0,
			"_shadowResist": 0
		},
		"_statModifierTable": { "m_Collection": "resources.assets", "m_PathID": 83450 },
		"_statModifierCost": {
			"_scriptItem": { "m_Collection": "resources.assets", "m_PathID": 83190 },
			"_scriptItemQuantity": 3
		},
		"weaponType": { "m_Collection": "resources.assets", "m_PathID": 83457 },
		"_combatElement": { "m_Collection": "resources.assets", "m_PathID": 82769 },
		"_weaponProjectileSet": { "m_Collection": "resources.assets", "m_PathID": 83095 },
		"_weaponDamage": 24,
		"_damageBonus": 3,
		"_readonlyDamageRange": {
			"x": 24,
			"y": 30
		},
		"_weaponConditionSlot": {
			"_scriptableCondition": { "m_Collection": "resources.assets", "m_PathID": 82772 },
			"_chance": 0.1,
			"_bonusPower": 0,
			"_bonusDuration": 0
		},
		"weaponMesh": { "m_Collection": "resources.assets", "m_PathID": 2520 },
		"weaponTexture": { "m_Collection": "resources.assets", "m_PathID": 1738 },
		"_textureColorAdjust": {
			"_hue": 1,
			"_saturation": 0.9,
			"_brightness": 0,
			"_contrast": 1.25
		},
		"trailColors": [
			{
				"r": 1,
				"g": 0.33651847,
				"b": 0.08962262,
				"a": 1
			},
			{
				"r": 0.9607843,
				"g": 0.39992654,
				"b": 0.14117643,
				"a": 1
			}
		],
		"_weaponHoldClipIndex": 0,
		"_weaponTakeOutSfxIndex": 0,
		"_weaponSwingSfxIndex": 0,
		"_setWeaponTakeOutSfx": { "m_Collection": "resources.assets", "m_PathID": 4407 },
		"_setWeaponSwingSfx": { "m_Collection": "resources.assets", "m_PathID": 4309 }
	}
}