{
	"m_CorrespondingSourceObject": { "m_Collection": "resources.assets", "m_PathID": 0 },
	"m_EditorClassIdentifier": "",
	"m_EditorHideFlags": 0,
	"m_Enabled": 1,
	"m_GameObject": { "m_Collection": "resources.assets", "m_PathID": 0 },
	"m_HideFlags": 0,
	"m_Name": "(lv-16) WEAPON_Coldgeist Frostcaller (Magic Bell, Mind)",
	"m_PrefabAsset": { "m_Collection": "resources.assets", "m_PathID": 0 },
	"m_PrefabInstance": { "m_Collection": "resources.assets", "m_PathID": 0 },
	"m_Script": { "m_Collection": "resources.assets", "m_PathID": 751 },
	"m_Structure": {
		"_itemType": 0,
		"_itemName": "Coldgeist Frostcaller",
		"_itemIcon": { "m_Collection": "resources.assets", "m_PathID": 5250 },
		"_itemRarity": 1,
		"_itemSortTag": 0,
		"_destroyOnDrop": false,
		"_itemDescription": "Used to awaken Geistlords with its spine chilling tone.",
		"_scriptableQuest": { "m_Collection": "resources.assets", "m_PathID": 0 },
		"_questTriggerTag": "",
		"_vendorCost": 875,
		"_maxStackAmount": 1,
		"_equipmentLevel": 16,
		"_classRequirement": { "m_Collection": "resources.assets", "m_PathID": 0 },
		"_equipType": 1,
		"_statArray": {
			"_maxHealth": 0,
			"_maxMana": 0,
			"_maxStamina": 0,
			"_experience": 0,
			"_attackPower": 0,
			"_magicPower": 8,
			"_dexPower": 0,
			"_criticalRate": 0,
			"_magicCriticalRate": 0.0015,
			"_evasion": 0,
			"_defense": 0,
			"_magicDefense": 0,
			"_fireResist": 0,
			"_waterResist": 0,
			"_natureResist": 0,
			"_earthResist": 0,
			"_holyResist": 0,
			"_shadowResist": 0
		},
		"_statModifierTable": { "m_Collection": "resources.assets", "m_PathID": 83450 },
		"_statModifierCost": {
			"_scriptItem": { "m_Collection": "resources.assets", "m_PathID": 83190 },
			"_scriptItemQuantity": 1
		},
		"weaponType": { "m_Collection": "resources.assets", "m_PathID": 83457 },
		"_combatElement": { "m_Collection": "resources.assets", "m_PathID": 82767 },
		"_weaponProjectileSet": { "m_Collection": "resources.assets", "m_PathID": 83094 },
		"_weaponDamage": 19,
		"_damageBonus": 3,
		"_readonlyDamageRange": {
			"x": 19,
			"y": 25
		},
		"_weaponConditionSlot": {
			"_scriptableCondition": { "m_Collection": "resources.assets", "m_PathID": 82780 },
			"_chance": 0.1,
			"_bonusPower": 5,
			"_bonusDuration": 0
		},
		"weaponMesh": { "m_Collection": "resources.assets", "m_PathID": 3222 },
		"weaponTexture": { "m_Collection": "resources.assets", "m_PathID": 2131 },
		"_textureColorAdjust": {
			"_hue": -31,
			"_saturation": 2,
			"_brightness": 0,
			"_contrast": 1.09
		},
		"trailColors": [
			{
				"r": 0.2688679,
				"g": 0.6548909,
				"b": 1,
				"a": 1
			},
			{
				"r": 0.14070843,
				"g": 0.3314074,
				"b": 0.9622642,
				"a": 1
			}
		],
		"_weaponHoldClipIndex": 0,
		"_weaponTakeOutSfxIndex": 0,
		"_weaponSwingSfxIndex": 0,
		"_setWeaponTakeOutSfx": { "m_Collection": "resources.assets", "m_PathID": 4407 },
		"_setWeaponSwingSfx": { "m_Collection": "resources.assets", "m_PathID": 4309 }
	}
}