{
	"m_CorrespondingSourceObject": { "m_Collection": "resources.assets", "m_PathID": 0 },
	"m_EditorClassIdentifier": "",
	"m_EditorHideFlags": 0,
	"m_Enabled": 1,
	"m_GameObject": { "m_Collection": "resources.assets", "m_PathID": 0 },
	"m_HideFlags": 0,
	"m_Name": "(lv-0) STATUSCONSUMABLE_Tome of Naivety",
	"m_PrefabAsset": { "m_Collection": "resources.assets", "m_PathID": 0 },
	"m_PrefabInstance": { "m_Collection": "resources.assets", "m_PathID": 0 },
	"m_Script": { "m_Collection": "resources.assets", "m_PathID": 615 },
	"m_Structure": {
		"_itemType": 1,
		"_itemName": "Tome of Naivety",
		"_itemIcon": { "m_Collection": "resources.assets", "m_PathID": 4802 },
		"_itemRarity": 0,
		"_itemSortTag": 2,
		"_destroyOnDrop": false,
		"_itemDescription": "Reading this tome resets all of your Attributes, reimbursing your Attribute Points. \u003ccolor=lime\u003eCan only be used in a Safe Zone.\u003c/color\u003e",
		"_scriptableQuest": { "m_Collection": "resources.assets", "m_PathID": 0 },
		"_questTriggerTag": "",
		"_vendorCost": 1500,
		"_maxStackAmount": 1,
		"_levelRequirement": 0,
		"_baseClassRequirement": { "m_Collection": "resources.assets", "m_PathID": 0 },
		"_consumableCooldown": 0,
		"_useOnlyInTown": true,
		"_unperishable": false,
		"_consumableObject": { "m_Collection": "resources.assets", "m_PathID": 24004 },
		"_healthApply": 0,
		"_manaApply": 0,
		"_staminaApply": 0,
		"_expGain": 0,
		"_resetSkillPoints": false,
		"_resetAttributePoints": true,
		"_consumableCondition": {
			"_scriptableCondition": { "m_Collection": "resources.assets", "m_PathID": 0 },
			"_chance": 1,
			"_bonusPower": 0,
			"_bonusDuration": 0
		}
	}
}