{
	"m_CorrespondingSourceObject": { "m_Collection": "resources.assets", "m_PathID": 0 },
	"m_EditorClassIdentifier": "",
	"m_EditorHideFlags": 0,
	"m_Enabled": 1,
	"m_GameObject": { "m_Collection": "resources.assets", "m_PathID": 0 },
	"m_HideFlags": 0,
	"m_Name": "(lv-0) STATUSCONSUMABLE_Tome of Lesser Experience",
	"m_PrefabAsset": { "m_Collection": "resources.assets", "m_PathID": 0 },
	"m_PrefabInstance": { "m_Collection": "resources.assets", "m_PathID": 0 },
	"m_Script": { "m_Collection": "resources.assets", "m_PathID": 615 },
	"m_Structure": {
		"_itemType": 1,
		"_itemName": "Tome of Lesser Experience",
		"_itemIcon": { "m_Collection": "resources.assets", "m_PathID": 5814 },
		"_itemRarity": 0,
		"_itemSortTag": 6,
		"_destroyOnDrop": false,
		"_itemDescription": "The knowledge this Tome provides gives a handful of experience to the reader.",
		"_scriptableQuest": { "m_Collection": "resources.assets", "m_PathID": 0 },
		"_questTriggerTag": "",
		"_vendorCost": 750,
		"_maxStackAmount": 5,
		"_levelRequirement": 0,
		"_baseClassRequirement": { "m_Collection": "resources.assets", "m_PathID": 0 },
		"_consumableCooldown": 0,
		"_useOnlyInTown": false,
		"_unperishable": false,
		"_consumableObject": { "m_Collection": "resources.assets", "m_PathID": 24005 },
		"_healthApply": 0,
		"_manaApply": 0,
		"_staminaApply": 0,
		"_expGain": 150,
		"_resetSkillPoints": false,
		"_resetAttributePoints": false,
		"_consumableCondition": {
			"_scriptableCondition": { "m_Collection": "resources.assets", "m_PathID": 0 },
			"_chance": 1,
			"_bonusPower": 0,
			"_bonusDuration": 0
		}
	}
}