{
	"m_CorrespondingSourceObject": { "m_Collection": "resources.assets", "m_PathID": 0 },
	"m_EditorClassIdentifier": "",
	"m_EditorHideFlags": 0,
	"m_Enabled": 1,
	"m_GameObject": { "m_Collection": "resources.assets", "m_PathID": 0 },
	"m_HideFlags": 0,
	"m_Name": "(lv-14) SHIELD_Nethercrypt Shield",
	"m_PrefabAsset": { "m_Collection": "resources.assets", "m_PathID": 0 },
	"m_PrefabInstance": { "m_Collection": "resources.assets", "m_PathID": 0 },
	"m_Script": { "m_Collection": "resources.assets", "m_PathID": 487 },
	"m_Structure": {
		"_itemType": 0,
		"_itemName": "Nethercrypt Shield",
		"_itemIcon": { "m_Collection": "resources.assets", "m_PathID": 5621 },
		"_itemRarity": 0,
		"_itemSortTag": 0,
		"_destroyOnDrop": false,
		"_itemDescription": "Emblem of the twisted nether realm.",
		"_scriptableQuest": { "m_Collection": "resources.assets", "m_PathID": 0 },
		"_questTriggerTag": "",
		"_vendorCost": 439,
		"_maxStackAmount": 1,
		"_equipmentLevel": 14,
		"_classRequirement": { "m_Collection": "resources.assets", "m_PathID": 0 },
		"_equipType": 2,
		"_statArray": {
			"_maxHealth": 0,
			"_maxMana": 0,
			"_maxStamina": 0,
			"_experience": 0,
			"_attackPower": 0,
			"_magicPower": 0,
			"_dexPower": 0,
			"_criticalRate": 0,
			"_magicCriticalRate": 0,
			"_evasion": 0,
			"_defense": 9,
			"_magicDefense": 2,
			"_fireResist": 0,
			"_waterResist": 0,
			"_natureResist": 0,
			"_earthResist": 0,
			"_holyResist": 0,
			"_shadowResist": 0
		},
		"_statModifierTable": { "m_Collection": "resources.assets", "m_PathID": 83448 },
		"_statModifierCost": {
			"_scriptItem": { "m_Collection": "resources.assets", "m_PathID": 83170 },
			"_scriptItemQuantity": 3
		},
		"_shieldMesh": { "m_Collection": "resources.assets", "m_PathID": 3164 },
		"_shieldTexture": { "m_Collection": "resources.assets", "m_PathID": 1731 },
		"_textureColorAdjust": {
			"_hue": -53,
			"_saturation": 2,
			"_brightness": 0.08,
			"_contrast": 1.56
		}
	}
}