{
	"m_CorrespondingSourceObject": { "m_Collection": "resources.assets", "m_PathID": 0 },
	"m_EditorClassIdentifier": "",
	"m_EditorHideFlags": 0,
	"m_Enabled": 1,
	"m_GameObject": { "m_Collection": "resources.assets", "m_PathID": 0 },
	"m_HideFlags": 0,
	"m_Name": "(lv-6) SHIELD_Demicrypt Buckler",
	"m_PrefabAsset": { "m_Collection": "resources.assets", "m_PathID": 0 },
	"m_PrefabInstance": { "m_Collection": "resources.assets", "m_PathID": 0 },
	"m_Script": { "m_Collection": "resources.assets", "m_PathID": 487 },
	"m_Structure": {
		"_itemType": 0,
		"_itemName": "Demicrypt Buckler",
		"_itemIcon": { "m_Collection": "resources.assets", "m_PathID": 4596 },
		"_itemRarity": 0,
		"_itemSortTag": 0,
		"_destroyOnDrop": false,
		"_itemDescription": "An emblem of an ancient sarcophogus.",
		"_scriptableQuest": { "m_Collection": "resources.assets", "m_PathID": 0 },
		"_questTriggerTag": "",
		"_vendorCost": 60,
		"_maxStackAmount": 1,
		"_equipmentLevel": 6,
		"_classRequirement": { "m_Collection": "resources.assets", "m_PathID": 0 },
		"_equipType": 2,
		"_statArray": {
			"_maxHealth": 0,
			"_maxMana": 0,
			"_maxStamina": 0,
			"_experience": 0,
			"_attackPower": 0,
			"_magicPower": 0,
			"_dexPower": 0,
			"_criticalRate": 0,
			"_magicCriticalRate": 0,
			"_evasion": 0,
			"_defense": 2,
			"_magicDefense": 0,
			"_fireResist": 0,
			"_waterResist": 0,
			"_natureResist": 0,
			"_earthResist": 0,
			"_holyResist": 0,
			"_shadowResist": 1
		},
		"_statModifierTable": { "m_Collection": "resources.assets", "m_PathID": 83448 },
		"_statModifierCost": {
			"_scriptItem": { "m_Collection": "resources.assets", "m_PathID": 83159 },
			"_scriptItemQuantity": 3
		},
		"_shieldMesh": { "m_Collection": "resources.assets", "m_PathID": 3262 },
		"_shieldTexture": { "m_Collection": "resources.assets", "m_PathID": 2289 },
		"_textureColorAdjust": {
			"_hue": 10,
			"_saturation": 2,
			"_brightness": -0.09,
			"_contrast": 2
		}
	}
}