{
	"m_CorrespondingSourceObject": { "m_Collection": "resources.assets", "m_PathID": 0 },
	"m_EditorClassIdentifier": "",
	"m_EditorHideFlags": 0,
	"m_Enabled": 1,
	"m_GameObject": { "m_Collection": "resources.assets", "m_PathID": 0 },
	"m_HideFlags": 0,
	"m_Name": "(lv-12) WEAPON_Petrified Bow (Bow, Dexterity)",
	"m_PrefabAsset": { "m_Collection": "resources.assets", "m_PathID": 0 },
	"m_PrefabInstance": { "m_Collection": "resources.assets", "m_PathID": 0 },
	"m_Script": { "m_Collection": "resources.assets", "m_PathID": 751 },
	"m_Structure": {
		"_itemType": 0,
		"_itemName": "Petrified Bow",
		"_itemIcon": { "m_Collection": "resources.assets", "m_PathID": 4864 },
		"_itemRarity": 1,
		"_itemSortTag": 0,
		"_destroyOnDrop": false,
		"_itemDescription": "Lost souls of the damned are welded to this bow.",
		"_scriptableQuest": { "m_Collection": "resources.assets", "m_PathID": 0 },
		"_questTriggerTag": "",
		"_vendorCost": 489,
		"_maxStackAmount": 1,
		"_equipmentLevel": 12,
		"_classRequirement": { "m_Collection": "resources.assets", "m_PathID": 0 },
		"_equipType": 1,
		"_statArray": {
			"_maxHealth": 0,
			"_maxMana": 0,
			"_maxStamina": 3,
			"_experience": 0,
			"_attackPower": 0,
			"_magicPower": 0,
			"_dexPower": 2,
			"_criticalRate": 0.015,
			"_magicCriticalRate": 0,
			"_evasion": 0,
			"_defense": 0,
			"_magicDefense": 0,
			"_fireResist": 0,
			"_waterResist": 0,
			"_natureResist": 0,
			"_earthResist": 0,
			"_holyResist": 0,
			"_shadowResist": 0
		},
		"_statModifierTable": { "m_Collection": "resources.assets", "m_PathID": 83450 },
		"_statModifierCost": {
			"_scriptItem": { "m_Collection": "resources.assets", "m_PathID": 83166 },
			"_scriptItemQuantity": 15
		},
		"weaponType": { "m_Collection": "resources.assets", "m_PathID": 83455 },
		"_combatElement": { "m_Collection": "resources.assets", "m_PathID": 82771 },
		"_weaponProjectileSet": { "m_Collection": "resources.assets", "m_PathID": 83025 },
		"_weaponDamage": 12,
		"_damageBonus": 3,
		"_readonlyDamageRange": {
			"x": 12,
			"y": 18
		},
		"_weaponConditionSlot": {
			"_scriptableCondition": { "m_Collection": "resources.assets", "m_PathID": 82777 },
			"_chance": 0.062,
			"_bonusPower": 0,
			"_bonusDuration": 5
		},
		"weaponMesh": { "m_Collection": "resources.assets", "m_PathID": 3202 },
		"weaponTexture": { "m_Collection": "resources.assets", "m_PathID": 1921 },
		"_textureColorAdjust": {
			"_hue": 25,
			"_saturation": 1.55,
			"_brightness": -0.05,
			"_contrast": 1.24
		},
		"trailColors": [
			{
				"r": 0.53764033,
				"g": 0.07756319,
				"b": 0.7830189,
				"a": 1
			},
			{
				"r": 1,
				"g": 0,
				"b": 0,
				"a": 1
			}
		],
		"_weaponHoldClipIndex": 0,
		"_weaponTakeOutSfxIndex": 0,
		"_weaponSwingSfxIndex": 0,
		"_setWeaponTakeOutSfx": { "m_Collection": "resources.assets", "m_PathID": 4043 },
		"_setWeaponSwingSfx": { "m_Collection": "resources.assets", "m_PathID": 4305 }
	}
}