{
	"m_CorrespondingSourceObject": { "m_Collection": "resources.assets", "m_PathID": 0 },
	"m_EditorClassIdentifier": "",
	"m_EditorHideFlags": 0,
	"m_Enabled": 1,
	"m_GameObject": { "m_Collection": "resources.assets", "m_PathID": 0 },
	"m_HideFlags": 0,
	"m_Name": "(lv-16) WEAPON_Coldgeist Bow (Bow, Dexterity)",
	"m_PrefabAsset": { "m_Collection": "resources.assets", "m_PathID": 0 },
	"m_PrefabInstance": { "m_Collection": "resources.assets", "m_PathID": 0 },
	"m_Script": { "m_Collection": "resources.assets", "m_PathID": 751 },
	"m_Structure": {
		"_itemType": 0,
		"_itemName": "Coldgeist Bow",
		"_itemIcon": { "m_Collection": "resources.assets", "m_PathID": 5939 },
		"_itemRarity": 1,
		"_itemSortTag": 0,
		"_destroyOnDrop": false,
		"_itemDescription": "Ruination of the lost frozen souls.",
		"_scriptableQuest": { "m_Collection": "resources.assets", "m_PathID": 0 },
		"_questTriggerTag": "",
		"_vendorCost": 875,
		"_maxStackAmount": 1,
		"_equipmentLevel": 16,
		"_classRequirement": { "m_Collection": "resources.assets", "m_PathID": 0 },
		"_equipType": 1,
		"_statArray": {
			"_maxHealth": 0,
			"_maxMana": 0,
			"_maxStamina": 5,
			"_experience": 0,
			"_attackPower": 0,
			"_magicPower": 0,
			"_dexPower": 4,
			"_criticalRate": 0,
			"_magicCriticalRate": 0,
			"_evasion": 0,
			"_defense": 0,
			"_magicDefense": 0,
			"_fireResist": 0,
			"_waterResist": 0,
			"_natureResist": 0,
			"_earthResist": 0,
			"_holyResist": 0,
			"_shadowResist": 0
		},
		"_statModifierTable": { "m_Collection": "resources.assets", "m_PathID": 83450 },
		"_statModifierCost": {
			"_scriptItem": { "m_Collection": "resources.assets", "m_PathID": 83190 },
			"_scriptItemQuantity": 1
		},
		"weaponType": { "m_Collection": "resources.assets", "m_PathID": 83455 },
		"_combatElement": { "m_Collection": "resources.assets", "m_PathID": 82767 },
		"_weaponProjectileSet": { "m_Collection": "resources.assets", "m_PathID": 83026 },
		"_weaponDamage": 20,
		"_damageBonus": 3,
		"_readonlyDamageRange": {
			"x": 20,
			"y": 26
		},
		"_weaponConditionSlot": {
			"_scriptableCondition": { "m_Collection": "resources.assets", "m_PathID": 82780 },
			"_chance": 0.1,
			"_bonusPower": 2,
			"_bonusDuration": 0
		},
		"weaponMesh": { "m_Collection": "resources.assets", "m_PathID": 3024 },
		"weaponTexture": { "m_Collection": "resources.assets", "m_PathID": 1928 },
		"_textureColorAdjust": {
			"_hue": -18,
			"_saturation": 1.06,
			"_brightness": 0.17,
			"_contrast": 1.54
		},
		"trailColors": [
			{
				"r": 0.2783019,
				"g": 0.6698892,
				"b": 1,
				"a": 1
			},
			{
				"r": 0,
				"g": 0.36430502,
				"b": 1,
				"a": 1
			}
		],
		"_weaponHoldClipIndex": 0,
		"_weaponTakeOutSfxIndex": 0,
		"_weaponSwingSfxIndex": 0,
		"_setWeaponTakeOutSfx": { "m_Collection": "resources.assets", "m_PathID": 4043 },
		"_setWeaponSwingSfx": { "m_Collection": "resources.assets", "m_PathID": 4305 }
	}
}