{
	"m_CorrespondingSourceObject": { "m_Collection": "resources.assets", "m_PathID": 0 },
	"m_EditorClassIdentifier": "",
	"m_EditorHideFlags": 0,
	"m_Enabled": 1,
	"m_GameObject": { "m_Collection": "resources.assets", "m_PathID": 0 },
	"m_HideFlags": 0,
	"m_Name": "(lv-6) WEAPON_Iron Bow (Bow, Dexterity)",
	"m_PrefabAsset": { "m_Collection": "resources.assets", "m_PathID": 0 },
	"m_PrefabInstance": { "m_Collection": "resources.assets", "m_PathID": 0 },
	"m_Script": { "m_Collection": "resources.assets", "m_PathID": 751 },
	"m_Structure": {
		"_itemType": 0,
		"_itemName": "Iron Bow",
		"_itemIcon": { "m_Collection": "resources.assets", "m_PathID": 4686 },
		"_itemRarity": 0,
		"_itemSortTag": 0,
		"_destroyOnDrop": false,
		"_itemDescription": "",
		"_scriptableQuest": { "m_Collection": "resources.assets", "m_PathID": 0 },
		"_questTriggerTag": "",
		"_vendorCost": 85,
		"_maxStackAmount": 1,
		"_equipmentLevel": 6,
		"_classRequirement": { "m_Collection": "resources.assets", "m_PathID": 0 },
		"_equipType": 1,
		"_statArray": {
			"_maxHealth": 0,
			"_maxMana": 0,
			"_maxStamina": 0,
			"_experience": 0,
			"_attackPower": 0,
			"_magicPower": 0,
			"_dexPower": 0,
			"_criticalRate": 0,
			"_magicCriticalRate": 0,
			"_evasion": 0,
			"_defense": 0,
			"_magicDefense": 0,
			"_fireResist": 0,
			"_waterResist": 0,
			"_natureResist": 0,
			"_earthResist": 0,
			"_holyResist": 0,
			"_shadowResist": 0
		},
		"_statModifierTable": { "m_Collection": "resources.assets", "m_PathID": 83450 },
		"_statModifierCost": {
			"_scriptItem": { "m_Collection": "resources.assets", "m_PathID": 275 },
			"_scriptItemQuantity": 5
		},
		"weaponType": { "m_Collection": "resources.assets", "m_PathID": 83455 },
		"_combatElement": { "m_Collection": "resources.assets", "m_PathID": 267 },
		"_weaponProjectileSet": { "m_Collection": "resources.assets", "m_PathID": 83022 },
		"_weaponDamage": 5,
		"_damageBonus": 2,
		"_readonlyDamageRange": {
			"x": 5,
			"y": 10
		},
		"_weaponConditionSlot": {
			"_scriptableCondition": { "m_Collection": "resources.assets", "m_PathID": 0 },
			"_chance": 1,
			"_bonusPower": 0,
			"_bonusDuration": 0
		},
		"weaponMesh": { "m_Collection": "resources.assets", "m_PathID": 2834 },
		"weaponTexture": { "m_Collection": "resources.assets", "m_PathID": 711 },
		"_textureColorAdjust": {
			"_hue": 1,
			"_saturation": 1,
			"_brightness": 0,
			"_contrast": 1
		},
		"trailColors": [
			{
				"r": 1,
				"g": 1,
				"b": 1,
				"a": 1
			},
			{
				"r": 1,
				"g": 0,
				"b": 0,
				"a": 1
			}
		],
		"_weaponHoldClipIndex": 0,
		"_weaponTakeOutSfxIndex": 0,
		"_weaponSwingSfxIndex": 0,
		"_setWeaponTakeOutSfx": { "m_Collection": "resources.assets", "m_PathID": 4043 },
		"_setWeaponSwingSfx": { "m_Collection": "resources.assets", "m_PathID": 4305 }
	}
}