{
	"m_CorrespondingSourceObject": { "m_Collection": "resources.assets", "m_PathID": 0 },
	"m_EditorClassIdentifier": "",
	"m_EditorHideFlags": 0,
	"m_Enabled": 1,
	"m_GameObject": { "m_Collection": "resources.assets", "m_PathID": 0 },
	"m_HideFlags": 0,
	"m_Name": "lootTable_sanctumChest",
	"m_PrefabAsset": { "m_Collection": "resources.assets", "m_PathID": 0 },
	"m_PrefabInstance": { "m_Collection": "resources.assets", "m_PathID": 0 },
	"m_Script": { "m_Collection": "resources.assets", "m_PathID": 321 },
	"m_Structure": {
		"_itemDrops": [
			{
				"_itemTag": "Bunhost Garb (83.1%)",
				"_item": { "m_Collection": "resources.assets", "m_PathID": 82886 },
				"_dropChance": 0.831,
				"_dropQuantity": 1
			},
			{
				"_itemTag": "Bunhost Leggings (77.2%)",
				"_item": { "m_Collection": "resources.assets", "m_PathID": 82926 },
				"_dropChance": 0.772,
				"_dropQuantity": 1
			},
			{
				"_itemTag": "Tome of Lesser Experience (31.2%)",
				"_item": { "m_Collection": "resources.assets", "m_PathID": 83144 },
				"_dropChance": 0.312,
				"_dropQuantity": 1
			},
			{
				"_itemTag": "Tome of Unlearning (6.9%)",
				"_item": { "m_Collection": "resources.assets", "m_PathID": 83146 },
				"_dropChance": 0.069,
				"_dropQuantity": 1
			},
			{
				"_itemTag": "Tome of Naivety (3.3%)",
				"_item": { "m_Collection": "resources.assets", "m_PathID": 83145 },
				"_dropChance": 0.033,
				"_dropQuantity": 1
			},
			{
				"_itemTag": "Illusion Stone (2.1%)",
				"_item": { "m_Collection": "resources.assets", "m_PathID": 274 },
				"_dropChance": 0.021,
				"_dropQuantity": 1
			},
			{
				"_itemTag": "Wooden Rod (4.5%)",
				"_item": { "m_Collection": "resources.assets", "m_PathID": 83147 },
				"_dropChance": 0.045,
				"_dropQuantity": 1
			}
		],
		"_currencyAmount": 0
	}
}