{
	"m_CorrespondingSourceObject": { "m_Collection": "resources.assets", "m_PathID": 0 },
	"m_EditorClassIdentifier": "",
	"m_EditorHideFlags": 0,
	"m_Enabled": 1,
	"m_GameObject": { "m_Collection": "resources.assets", "m_PathID": 0 },
	"m_HideFlags": 0,
	"m_Name": "lootTable_sanctumLake (Fishing)",
	"m_PrefabAsset": { "m_Collection": "resources.assets", "m_PathID": 0 },
	"m_PrefabInstance": { "m_Collection": "resources.assets", "m_PathID": 0 },
	"m_Script": { "m_Collection": "resources.assets", "m_PathID": 321 },
	"m_Structure": {
		"_itemDrops": [
			{
				"_itemTag": "Angela\u0027s Tear (0.3%)",
				"_item": { "m_Collection": "resources.assets", "m_PathID": 83149 },
				"_dropChance": 0.003,
				"_dropQuantity": 1
			},
			{
				"_itemTag": "Soul Pearl (1.4%)",
				"_item": { "m_Collection": "resources.assets", "m_PathID": 83190 },
				"_dropChance": 0.014,
				"_dropQuantity": 1
			},
			{
				"_itemTag": "Old Boot (12.8%)",
				"_item": { "m_Collection": "resources.assets", "m_PathID": 83179 },
				"_dropChance": 0.128,
				"_dropQuantity": 1
			},
			{
				"_itemTag": "Sugshrimp (42.3%)",
				"_item": { "m_Collection": "resources.assets", "m_PathID": 83192 },
				"_dropChance": 0.423,
				"_dropQuantity": 1
			},
			{
				"_itemTag": "Windtail Fish (8.4%)",
				"_item": { "m_Collection": "resources.assets", "m_PathID": 83194 },
				"_dropChance": 0.084,
				"_dropQuantity": 1
			},
			{
				"_itemTag": "Smiling Wrellfish (6.5%)",
				"_item": { "m_Collection": "resources.assets", "m_PathID": 83189 },
				"_dropChance": 0.065,
				"_dropQuantity": 1
			},
			{
				"_itemTag": "Bittering Katfish (4.6%)",
				"_item": { "m_Collection": "resources.assets", "m_PathID": 83150 },
				"_dropChance": 0.046,
				"_dropQuantity": 1
			},
			{
				"_itemTag": "Squangfish (5%)",
				"_item": { "m_Collection": "resources.assets", "m_PathID": 83191 },
				"_dropChance": 0.05,
				"_dropQuantity": 1
			}
		],
		"_currencyAmount": 0
	}
}