{
	"m_CorrespondingSourceObject": { "m_Collection": "resources.assets", "m_PathID": 0 },
	"m_EditorClassIdentifier": "",
	"m_EditorHideFlags": 0,
	"m_Enabled": 1,
	"m_GameObject": { "m_Collection": "resources.assets", "m_PathID": 0 },
	"m_HideFlags": 0,
	"m_Name": "TRADEITEM_Geistlord Badge",
	"m_PrefabAsset": { "m_Collection": "resources.assets", "m_PathID": 0 },
	"m_PrefabInstance": { "m_Collection": "resources.assets", "m_PathID": 0 },
	"m_Script": { "m_Collection": "resources.assets", "m_PathID": 831 },
	"m_Structure": {
		"_itemType": 2,
		"_itemName": "Geistlord Badge",
		"_itemIcon": { "m_Collection": "resources.assets", "m_PathID": 5082 },
		"_itemRarity": 1,
		"_itemSortTag": 1,
		"_destroyOnDrop": false,
		"_itemDescription": "An unholy badge shaped like a tombstone, dropped from a Geistlord. Can be traded for elusive treasures.",
		"_scriptableQuest": { "m_Collection": "resources.assets", "m_PathID": 0 },
		"_questTriggerTag": "",
		"_vendorCost": 0,
		"_maxStackAmount": 99
	}
}