{
	"m_CorrespondingSourceObject": { "m_Collection": "resources.assets", "m_PathID": 0 },
	"m_EditorClassIdentifier": "",
	"m_EditorHideFlags": 0,
	"m_Enabled": 1,
	"m_GameObject": { "m_Collection": "resources.assets", "m_PathID": 0 },
	"m_HideFlags": 0,
	"m_Name": "TRADEITEM_Soul Pearl",
	"m_PrefabAsset": { "m_Collection": "resources.assets", "m_PathID": 0 },
	"m_PrefabInstance": { "m_Collection": "resources.assets", "m_PathID": 0 },
	"m_Script": { "m_Collection": "resources.assets", "m_PathID": 831 },
	"m_Structure": {
		"_itemType": 2,
		"_itemName": "Soul Pearl",
		"_itemIcon": { "m_Collection": "resources.assets", "m_PathID": 5392 },
		"_itemRarity": 0,
		"_itemSortTag": 2,
		"_destroyOnDrop": false,
		"_itemDescription": "Allows the holder to revive a fallen soul.\n\u003ccolor=cyan\u003eTo revive someone, press the interact key when nearby them.\u003c/color\u003e",
		"_scriptableQuest": { "m_Collection": "resources.assets", "m_PathID": 0 },
		"_questTriggerTag": "",
		"_vendorCost": 3500,
		"_maxStackAmount": 1
	}
}