{
	"m_CorrespondingSourceObject": { "m_Collection": "sharedassets0.assets", "m_PathID": 0 },
	"m_EditorClassIdentifier": "",
	"m_EditorHideFlags": 0,
	"m_Enabled": 1,
	"m_GameObject": { "m_Collection": "sharedassets0.assets", "m_PathID": 0 },
	"m_HideFlags": 0,
	"m_Name": "TRADEITEM_Illusion Stone",
	"m_PrefabAsset": { "m_Collection": "sharedassets0.assets", "m_PathID": 0 },
	"m_PrefabInstance": { "m_Collection": "sharedassets0.assets", "m_PathID": 0 },
	"m_Script": { "m_Collection": "sharedassets0.assets", "m_PathID": 831 },
	"m_Structure": {
		"_itemType": 2,
		"_itemName": "Illusion Stone",
		"_itemIcon": { "m_Collection": "sharedassets0.assets", "m_PathID": 142 },
		"_itemRarity": 0,
		"_itemSortTag": 1,
		"_destroyOnDrop": false,
		"_itemDescription": "This magical stone can be used to change the appearance of things.",
		"_scriptableQuest": { "m_Collection": "sharedassets0.assets", "m_PathID": 0 },
		"_questTriggerTag": "",
		"_vendorCost": 300,
		"_maxStackAmount": 20
	}
}