{
	"m_CorrespondingSourceObject": { "m_Collection": "resources.assets", "m_PathID": 0 },
	"m_EditorClassIdentifier": "",
	"m_EditorHideFlags": 0,
	"m_Enabled": 1,
	"m_GameObject": { "m_Collection": "resources.assets", "m_PathID": 0 },
	"m_HideFlags": 0,
	"m_Name": "TRADEITEM_Diva Necklace",
	"m_PrefabAsset": { "m_Collection": "resources.assets", "m_PathID": 0 },
	"m_PrefabInstance": { "m_Collection": "resources.assets", "m_PathID": 0 },
	"m_Script": { "m_Collection": "resources.assets", "m_PathID": 831 },
	"m_Structure": {
		"_itemType": 2,
		"_itemName": "Diva Necklace",
		"_itemIcon": { "m_Collection": "resources.assets", "m_PathID": 4739 },
		"_itemRarity": 0,
		"_itemSortTag": 9,
		"_destroyOnDrop": false,
		"_itemDescription": "Too big to wear, though quite valuable.",
		"_scriptableQuest": { "m_Collection": "resources.assets", "m_PathID": 0 },
		"_questTriggerTag": "",
		"_vendorCost": 120,
		"_maxStackAmount": 99
	}
}