{
	"m_CorrespondingSourceObject": { "m_Collection": "resources.assets", "m_PathID": 0 },
	"m_EditorClassIdentifier": "",
	"m_EditorHideFlags": 0,
	"m_Enabled": 1,
	"m_GameObject": { "m_Collection": "resources.assets", "m_PathID": 0 },
	"m_HideFlags": 0,
	"m_Name": "TRADEITEM_Slimek Eye",
	"m_PrefabAsset": { "m_Collection": "resources.assets", "m_PathID": 0 },
	"m_PrefabInstance": { "m_Collection": "resources.assets", "m_PathID": 0 },
	"m_Script": { "m_Collection": "resources.assets", "m_PathID": 831 },
	"m_Structure": {
		"_itemType": 2,
		"_itemName": "Slimek Eye",
		"_itemIcon": { "m_Collection": "resources.assets", "m_PathID": 5267 },
		"_itemRarity": 0,
		"_itemSortTag": 9,
		"_destroyOnDrop": false,
		"_itemDescription": "The swirly pupil rotates if you look at it long enough.",
		"_scriptableQuest": { "m_Collection": "resources.assets", "m_PathID": 0 },
		"_questTriggerTag": "",
		"_vendorCost": 12,
		"_maxStackAmount": 30
	}
}