{
	"m_CorrespondingSourceObject": { "m_Collection": "sharedassets0.assets", "m_PathID": 0 },
	"m_EditorClassIdentifier": "",
	"m_EditorHideFlags": 0,
	"m_Enabled": 1,
	"m_GameObject": { "m_Collection": "sharedassets0.assets", "m_PathID": 0 },
	"m_HideFlags": 0,
	"m_Name": "TRADEITEM_Rock",
	"m_PrefabAsset": { "m_Collection": "sharedassets0.assets", "m_PathID": 0 },
	"m_PrefabInstance": { "m_Collection": "sharedassets0.assets", "m_PathID": 0 },
	"m_Script": { "m_Collection": "sharedassets0.assets", "m_PathID": 831 },
	"m_Structure": {
		"_itemType": 2,
		"_itemName": "Rock",
		"_itemIcon": { "m_Collection": "sharedassets0.assets", "m_PathID": 125 },
		"_itemRarity": 0,
		"_itemSortTag": 9,
		"_destroyOnDrop": false,
		"_itemDescription": "Just an ordinary rock. Could be tossed at enemies.",
		"_scriptableQuest": { "m_Collection": "sharedassets0.assets", "m_PathID": 0 },
		"_questTriggerTag": "",
		"_vendorCost": 3,
		"_maxStackAmount": 99
	}
}