{
	"m_CorrespondingSourceObject": { "m_Collection": "resources.assets", "m_PathID": 0 },
	"m_EditorClassIdentifier": "",
	"m_EditorHideFlags": 0,
	"m_Enabled": 1,
	"m_GameObject": { "m_Collection": "resources.assets", "m_PathID": 0 },
	"m_HideFlags": 0,
	"m_Name": "weaponProjectileSet_scepter(ele_shadow)",
	"m_PrefabAsset": { "m_Collection": "resources.assets", "m_PathID": 0 },
	"m_PrefabInstance": { "m_Collection": "resources.assets", "m_PathID": 0 },
	"m_Script": { "m_Collection": "resources.assets", "m_PathID": 225 },
	"m_Structure": {
		"_projectileObjects": [
			{ "m_Collection": "resources.assets", "m_PathID": 21723 },
			{ "m_Collection": "resources.assets", "m_PathID": 21683 }
		]
	}
}