{
	"m_CorrespondingSourceObject": { "m_Collection": "resources.assets", "m_PathID": 0 },
	"m_EditorClassIdentifier": "",
	"m_EditorHideFlags": 0,
	"m_Enabled": 1,
	"m_GameObject": { "m_Collection": "resources.assets", "m_PathID": 0 },
	"m_HideFlags": 0,
	"m_Name": "(lv-14) WEAPON_Hellsludge Shivs (Fist Weapon, Dexterity)",
	"m_PrefabAsset": { "m_Collection": "resources.assets", "m_PathID": 0 },
	"m_PrefabInstance": { "m_Collection": "resources.assets", "m_PathID": 0 },
	"m_Script": { "m_Collection": "resources.assets", "m_PathID": 751 },
	"m_Structure": {
		"_itemType": 0,
		"_itemName": "Hellsludge Shivs",
		"_itemIcon": { "m_Collection": "resources.assets", "m_PathID": 5056 },
		"_itemRarity": 0,
		"_itemSortTag": 0,
		"_destroyOnDrop": false,
		"_itemDescription": "Hot, hot, hot to the touch!",
		"_scriptableQuest": { "m_Collection": "resources.assets", "m_PathID": 0 },
		"_questTriggerTag": "",
		"_vendorCost": 150,
		"_maxStackAmount": 1,
		"_equipmentLevel": 14,
		"_classRequirement": { "m_Collection": "resources.assets", "m_PathID": 0 },
		"_equipType": 1,
		"_statArray": {
			"_maxHealth": 0,
			"_maxMana": 0,
			"_maxStamina": 5,
			"_experience": 0,
			"_attackPower": 0,
			"_magicPower": 0,
			"_dexPower": 7,
			"_criticalRate": 0.0028,
			"_magicCriticalRate": 0,
			"_evasion": 0,
			"_defense": 0,
			"_magicDefense": 0,
			"_fireResist": 0,
			"_waterResist": 0,
			"_natureResist": 0,
			"_earthResist": 0,
			"_holyResist": 0,
			"_shadowResist": 0
		},
		"_statModifierTable": { "m_Collection": "resources.assets", "m_PathID": 83450 },
		"_statModifierCost": {
			"_scriptItem": { "m_Collection": "resources.assets", "m_PathID": 83159 },
			"_scriptItemQuantity": 5
		},
		"weaponType": { "m_Collection": "resources.assets", "m_PathID": 83452 },
		"_combatElement": { "m_Collection": "resources.assets", "m_PathID": 82766 },
		"_weaponProjectileSet": { "m_Collection": "resources.assets", "m_PathID": 0 },
		"_weaponDamage": 13,
		"_damageBonus": 0,
		"_readonlyDamageRange": {
			"x": 13,
			"y": 16
		},
		"_weaponConditionSlot": {
			"_scriptableCondition": { "m_Collection": "resources.assets", "m_PathID": 82779 },
			"_chance": 0.033,
			"_bonusPower": 0,
			"_bonusDuration": 0
		},
		"weaponMesh": { "m_Collection": "resources.assets", "m_PathID": 3327 },
		"weaponTexture": { "m_Collection": "resources.assets", "m_PathID": 915 },
		"_textureColorAdjust": {
			"_hue": -3,
			"_saturation": 0.81,
			"_brightness": -0.56,
			"_contrast": 2
		},
		"trailColors": [
			{
				"r": 1,
				"g": 1,
				"b": 1,
				"a": 1
			},
			{
				"r": 0.5849056,
				"g": 0.5849056,
				"b": 0.5849056,
				"a": 1
			}
		],
		"_weaponHoldClipIndex": 0,
		"_weaponTakeOutSfxIndex": 0,
		"_weaponSwingSfxIndex": 0,
		"_setWeaponTakeOutSfx": { "m_Collection": "resources.assets", "m_PathID": 4444 },
		"_setWeaponSwingSfx": { "m_Collection": "resources.assets", "m_PathID": 4227 }
	}
}