{
	"m_CorrespondingSourceObject": { "m_Collection": "resources.assets", "m_PathID": 0 },
	"m_EditorClassIdentifier": "",
	"m_EditorHideFlags": 0,
	"m_Enabled": 1,
	"m_GameObject": { "m_Collection": "resources.assets", "m_PathID": 0 },
	"m_HideFlags": 0,
	"m_Name": "(lv-10) HELM_Geistlord Crown",
	"m_PrefabAsset": { "m_Collection": "resources.assets", "m_PathID": 0 },
	"m_PrefabInstance": { "m_Collection": "resources.assets", "m_PathID": 0 },
	"m_Script": { "m_Collection": "resources.assets", "m_PathID": 645 },
	"m_Structure": {
		"_itemType": 0,
		"_itemName": "Geistlord Crown",
		"_itemIcon": { "m_Collection": "resources.assets", "m_PathID": 5909 },
		"_itemRarity": 2,
		"_itemSortTag": 0,
		"_destroyOnDrop": false,
		"_itemDescription": "Can you handle the madness that ensues?",
		"_scriptableQuest": { "m_Collection": "resources.assets", "m_PathID": 0 },
		"_questTriggerTag": "",
		"_vendorCost": 1200,
		"_maxStackAmount": 1,
		"_equipmentLevel": 10,
		"_classRequirement": { "m_Collection": "resources.assets", "m_PathID": 0 },
		"_equipType": 0,
		"_statArray": {
			"_maxHealth": 3,
			"_maxMana": 3,
			"_maxStamina": 3,
			"_experience": 0,
			"_attackPower": 0,
			"_magicPower": 0,
			"_dexPower": 0,
			"_criticalRate": 0,
			"_magicCriticalRate": 0,
			"_evasion": 0,
			"_defense": 4,
			"_magicDefense": 6,
			"_fireResist": 0,
			"_waterResist": 0,
			"_natureResist": 0,
			"_earthResist": 0,
			"_holyResist": 0,
			"_shadowResist": 0
		},
		"_statModifierTable": { "m_Collection": "resources.assets", "m_PathID": 0 },
		"_statModifierCost": {
			"_scriptItem": { "m_Collection": "resources.assets", "m_PathID": 0 },
			"_scriptItemQuantity": 1
		},
		"_conditionResistances": [
			
		],
		"_armorTexture": { "m_Collection": "resources.assets", "m_PathID": 1627 },
		"_colorAdjustParams": {
			"_hue": 1,
			"_saturation": 1,
			"_brightness": 0,
			"_contrast": 1
		},
		"_canDyeArmor": false,
		"_helmRender": { "m_Collection": "resources.assets", "m_PathID": 82818 },
		"_helmOverrideMesh": { "m_Collection": "resources.assets", "m_PathID": 2647 },
		"_blendHelmValue": 0,
		"_useHelmHairDisplay": false,
		"_hideEars": false,
		"_hideMisc": false,
		"_isFullHelm": false
	}
}