{
	"m_CorrespondingSourceObject": { "m_Collection": "resources.assets", "m_PathID": 0 },
	"m_EditorClassIdentifier": "",
	"m_EditorHideFlags": 0,
	"m_Enabled": 1,
	"m_GameObject": { "m_Collection": "resources.assets", "m_PathID": 0 },
	"m_HideFlags": 0,
	"m_Name": "(lv-22) HELM_Guardel Helm",
	"m_PrefabAsset": { "m_Collection": "resources.assets", "m_PathID": 0 },
	"m_PrefabInstance": { "m_Collection": "resources.assets", "m_PathID": 0 },
	"m_Script": { "m_Collection": "resources.assets", "m_PathID": 645 },
	"m_Structure": {
		"_itemType": 0,
		"_itemName": "Guardel Helm",
		"_itemIcon": { "m_Collection": "resources.assets", "m_PathID": 4841 },
		"_itemRarity": 0,
		"_itemSortTag": 0,
		"_destroyOnDrop": false,
		"_itemDescription": "",
		"_scriptableQuest": { "m_Collection": "resources.assets", "m_PathID": 0 },
		"_questTriggerTag": "",
		"_vendorCost": 850,
		"_maxStackAmount": 1,
		"_equipmentLevel": 22,
		"_classRequirement": { "m_Collection": "resources.assets", "m_PathID": 0 },
		"_equipType": 0,
		"_statArray": {
			"_maxHealth": 0,
			"_maxMana": 0,
			"_maxStamina": 5,
			"_experience": 0,
			"_attackPower": 0,
			"_magicPower": 0,
			"_dexPower": 0,
			"_criticalRate": 0,
			"_magicCriticalRate": 0,
			"_evasion": 0,
			"_defense": 18,
			"_magicDefense": 5,
			"_fireResist": 0,
			"_waterResist": 0,
			"_natureResist": 0,
			"_earthResist": 2,
			"_holyResist": 0,
			"_shadowResist": 0
		},
		"_statModifierTable": { "m_Collection": "resources.assets", "m_PathID": 83448 },
		"_statModifierCost": {
			"_scriptItem": { "m_Collection": "resources.assets", "m_PathID": 0 },
			"_scriptItemQuantity": 0
		},
		"_conditionResistances": [
			
		],
		"_armorTexture": { "m_Collection": "resources.assets", "m_PathID": 2040 },
		"_colorAdjustParams": {
			"_hue": 360,
			"_saturation": 1.21,
			"_brightness": -0.17,
			"_contrast": 1.18
		},
		"_canDyeArmor": false,
		"_helmRender": { "m_Collection": "resources.assets", "m_PathID": 82822 },
		"_helmOverrideMesh": { "m_Collection": "resources.assets", "m_PathID": 2964 },
		"_blendHelmValue": 100,
		"_useHelmHairDisplay": true,
		"_hideEars": false,
		"_hideMisc": true,
		"_isFullHelm": false
	}
}