{
	"m_CorrespondingSourceObject": { "m_Collection": "resources.assets", "m_PathID": 0 },
	"m_EditorClassIdentifier": "",
	"m_EditorHideFlags": 0,
	"m_Enabled": 1,
	"m_GameObject": { "m_Collection": "resources.assets", "m_PathID": 0 },
	"m_HideFlags": 0,
	"m_Name": "(lv-16) HELM_Jestercast Memory",
	"m_PrefabAsset": { "m_Collection": "resources.assets", "m_PathID": 0 },
	"m_PrefabInstance": { "m_Collection": "resources.assets", "m_PathID": 0 },
	"m_Script": { "m_Collection": "resources.assets", "m_PathID": 645 },
	"m_Structure": {
		"_itemType": 0,
		"_itemName": "Jestercast Memory",
		"_itemIcon": { "m_Collection": "resources.assets", "m_PathID": 5905 },
		"_itemRarity": 0,
		"_itemSortTag": 0,
		"_destroyOnDrop": false,
		"_itemDescription": "The true fool is the enemy of the caster...",
		"_scriptableQuest": { "m_Collection": "resources.assets", "m_PathID": 0 },
		"_questTriggerTag": "",
		"_vendorCost": 1230,
		"_maxStackAmount": 1,
		"_equipmentLevel": 16,
		"_classRequirement": { "m_Collection": "resources.assets", "m_PathID": 0 },
		"_equipType": 0,
		"_statArray": {
			"_maxHealth": 0,
			"_maxMana": 3,
			"_maxStamina": 0,
			"_experience": 0,
			"_attackPower": 0,
			"_magicPower": 7,
			"_dexPower": 0,
			"_criticalRate": 0,
			"_magicCriticalRate": 0.008,
			"_evasion": 0,
			"_defense": 3,
			"_magicDefense": 5,
			"_fireResist": 0,
			"_waterResist": 0,
			"_natureResist": 0,
			"_earthResist": 0,
			"_holyResist": 0,
			"_shadowResist": 0
		},
		"_statModifierTable": { "m_Collection": "resources.assets", "m_PathID": 83448 },
		"_statModifierCost": {
			"_scriptItem": { "m_Collection": "resources.assets", "m_PathID": 83171 },
			"_scriptItemQuantity": 3
		},
		"_conditionResistances": [
			
		],
		"_armorTexture": { "m_Collection": "resources.assets", "m_PathID": 1306 },
		"_colorAdjustParams": {
			"_hue": 1,
			"_saturation": 1,
			"_brightness": 0,
			"_contrast": 1
		},
		"_canDyeArmor": true,
		"_helmRender": { "m_Collection": "resources.assets", "m_PathID": 82819 },
		"_helmOverrideMesh": { "m_Collection": "resources.assets", "m_PathID": 2830 },
		"_blendHelmValue": 0,
		"_useHelmHairDisplay": false,
		"_hideEars": false,
		"_hideMisc": false,
		"_isFullHelm": false
	}
}