{
	"m_CorrespondingSourceObject": { "m_Collection": "resources.assets", "m_PathID": 0 },
	"m_EditorClassIdentifier": "",
	"m_EditorHideFlags": 0,
	"m_Enabled": 1,
	"m_GameObject": { "m_Collection": "resources.assets", "m_PathID": 0 },
	"m_HideFlags": 0,
	"m_Name": "(lv-16) LEGGINGS_King Greaves",
	"m_PrefabAsset": { "m_Collection": "resources.assets", "m_PathID": 0 },
	"m_PrefabInstance": { "m_Collection": "resources.assets", "m_PathID": 0 },
	"m_Script": { "m_Collection": "resources.assets", "m_PathID": 492 },
	"m_Structure": {
		"_itemType": 0,
		"_itemName": "King Greaves",
		"_itemIcon": { "m_Collection": "resources.assets", "m_PathID": 5925 },
		"_itemRarity": 1,
		"_itemSortTag": 0,
		"_destroyOnDrop": false,
		"_itemDescription": "Your pants, my liege?",
		"_scriptableQuest": { "m_Collection": "resources.assets", "m_PathID": 0 },
		"_questTriggerTag": "",
		"_vendorCost": 1000,
		"_maxStackAmount": 1,
		"_equipmentLevel": 16,
		"_classRequirement": { "m_Collection": "resources.assets", "m_PathID": 82763 },
		"_equipType": 0,
		"_statArray": {
			"_maxHealth": 0,
			"_maxMana": 0,
			"_maxStamina": 0,
			"_experience": 0,
			"_attackPower": 8,
			"_magicPower": 0,
			"_dexPower": 0,
			"_criticalRate": 0,
			"_magicCriticalRate": 0,
			"_evasion": 0,
			"_defense": 14,
			"_magicDefense": 0,
			"_fireResist": 0,
			"_waterResist": 0,
			"_natureResist": 0,
			"_earthResist": 0,
			"_holyResist": 0,
			"_shadowResist": 0
		},
		"_statModifierTable": { "m_Collection": "resources.assets", "m_PathID": 83448 },
		"_statModifierCost": {
			"_scriptItem": { "m_Collection": "resources.assets", "m_PathID": 83156 },
			"_scriptItemQuantity": 1
		},
		"_conditionResistances": [
			
		],
		"_armorTexture": { "m_Collection": "resources.assets", "m_PathID": 1096 },
		"_colorAdjustParams": {
			"_hue": 1,
			"_saturation": 2,
			"_brightness": -0.08,
			"_contrast": 1.12
		},
		"_canDyeArmor": true,
		"_legPieceRender_01": { "m_Collection": "resources.assets", "m_PathID": 82823 },
		"_legPieceTexture_01": { "m_Collection": "resources.assets", "m_PathID": 1493 },
		"_legPieceRender_02": { "m_Collection": "resources.assets", "m_PathID": 82826 },
		"_legPieceTexture_02": { "m_Collection": "resources.assets", "m_PathID": 1493 },
		"_legPieceRender_03": { "m_Collection": "resources.assets", "m_PathID": 0 },
		"_legPieceTexture_03": { "m_Collection": "resources.assets", "m_PathID": 1096 },
		"_legPieceRender_04": { "m_Collection": "resources.assets", "m_PathID": 0 },
		"_legPieceTexture_04": { "m_Collection": "resources.assets", "m_PathID": 1096 },
		"_textureUpperLegOnly": false,
		"_textureFeet": true
	}
}