{
	"m_CorrespondingSourceObject": { "m_Collection": "resources.assets", "m_PathID": 0 },
	"m_EditorClassIdentifier": "",
	"m_EditorHideFlags": 0,
	"m_Enabled": 1,
	"m_GameObject": { "m_Collection": "resources.assets", "m_PathID": 0 },
	"m_HideFlags": 0,
	"m_Name": "(lv-16) CHESTPIECE_King Breastplate",
	"m_PrefabAsset": { "m_Collection": "resources.assets", "m_PathID": 0 },
	"m_PrefabInstance": { "m_Collection": "resources.assets", "m_PathID": 0 },
	"m_Script": { "m_Collection": "resources.assets", "m_PathID": 342 },
	"m_Structure": {
		"_itemType": 0,
		"_itemName": "King Breastplate",
		"_itemIcon": { "m_Collection": "resources.assets", "m_PathID": 4712 },
		"_itemRarity": 1,
		"_itemSortTag": 0,
		"_destroyOnDrop": false,
		"_itemDescription": "Bend the knee, to the King!",
		"_scriptableQuest": { "m_Collection": "resources.assets", "m_PathID": 0 },
		"_questTriggerTag": "",
		"_vendorCost": 1200,
		"_maxStackAmount": 1,
		"_equipmentLevel": 16,
		"_classRequirement": { "m_Collection": "resources.assets", "m_PathID": 82763 },
		"_equipType": 0,
		"_statArray": {
			"_maxHealth": 0,
			"_maxMana": 0,
			"_maxStamina": 6,
			"_experience": 0,
			"_attackPower": 10,
			"_magicPower": 0,
			"_dexPower": 0,
			"_criticalRate": 0,
			"_magicCriticalRate": 0,
			"_evasion": 0,
			"_defense": 18,
			"_magicDefense": 5,
			"_fireResist": 0,
			"_waterResist": 0,
			"_natureResist": 0,
			"_earthResist": 0,
			"_holyResist": 0,
			"_shadowResist": 0
		},
		"_statModifierTable": { "m_Collection": "resources.assets", "m_PathID": 83448 },
		"_statModifierCost": {
			"_scriptItem": { "m_Collection": "resources.assets", "m_PathID": 83156 },
			"_scriptItemQuantity": 1
		},
		"_conditionResistances": [
			
		],
		"_armorTexture": { "m_Collection": "resources.assets", "m_PathID": 1977 },
		"_colorAdjustParams": {
			"_hue": 0,
			"_saturation": 1,
			"_brightness": 0,
			"_contrast": 1
		},
		"_canDyeArmor": true,
		"_legOverlayTexture": { "m_Collection": "resources.assets", "m_PathID": 1373 },
		"_boobOverrideTexture": { "m_Collection": "resources.assets", "m_PathID": 2013 },
		"_lockBoobs": false,
		"_disableJiggleBoobBones": false,
		"_neckCollarMesh": { "m_Collection": "resources.assets", "m_PathID": 0 },
		"_neckCollarTexture": { "m_Collection": "resources.assets", "m_PathID": 0 },
		"_chestRenderDisplay": { "m_Collection": "resources.assets", "m_PathID": 0 },
		"_chestRenderTexture": { "m_Collection": "resources.assets", "m_PathID": 0 },
		"_chestRenderBoobTexture": { "m_Collection": "resources.assets", "m_PathID": 0 },
		"_robeSkirtRender": { "m_Collection": "resources.assets", "m_PathID": 0 },
		"_robeSkirtTexture": { "m_Collection": "resources.assets", "m_PathID": 0 },
		"_hipMeshDisplay": { "m_Collection": "resources.assets", "m_PathID": 0 },
		"_hipMeshTexture": { "m_Collection": "resources.assets", "m_PathID": 0 },
		"_armCuffRender": { "m_Collection": "resources.assets", "m_PathID": 82808 },
		"_textureArms": true,
		"_shoulderPadDisplayType": 1,
		"_shoulderpadMesh": { "m_Collection": "resources.assets", "m_PathID": 2731 },
		"_shoulderpadTexture": { "m_Collection": "resources.assets", "m_PathID": 1067 }
	}
}