{
	"m_CorrespondingSourceObject": { "m_Collection": "resources.assets", "m_PathID": 0 },
	"m_EditorClassIdentifier": "",
	"m_EditorHideFlags": 0,
	"m_Enabled": 1,
	"m_GameObject": { "m_Collection": "resources.assets", "m_PathID": 0 },
	"m_HideFlags": 0,
	"m_Name": "lootTable_groveBreakbox",
	"m_PrefabAsset": { "m_Collection": "resources.assets", "m_PathID": 0 },
	"m_PrefabInstance": { "m_Collection": "resources.assets", "m_PathID": 0 },
	"m_Script": { "m_Collection": "resources.assets", "m_PathID": 321 },
	"m_Structure": {
		"_itemDrops": [
			{
				"_itemTag": "Rock (4.2%)",
				"_item": { "m_Collection": "resources.assets", "m_PathID": 275 },
				"_dropChance": 0.042,
				"_dropQuantity": 1
			},
			{
				"_itemTag": "Bunjar (9.6%)",
				"_item": { "m_Collection": "resources.assets", "m_PathID": 83125 },
				"_dropChance": 0.096,
				"_dropQuantity": 1
			},
			{
				"_itemTag": "Magiclove (6.7%)",
				"_item": { "m_Collection": "resources.assets", "m_PathID": 83128 },
				"_dropChance": 0.067,
				"_dropQuantity": 1
			},
			{
				"_itemTag": "Stamstar (8.5%)",
				"_item": { "m_Collection": "resources.assets", "m_PathID": 83133 },
				"_dropChance": 0.085,
				"_dropQuantity": 1
			},
			{
				"_itemTag": "Tome of Experience (0.2%)",
				"_item": { "m_Collection": "resources.assets", "m_PathID": 83142 },
				"_dropChance": 0.002,
				"_dropQuantity": 1
			},
			{
				"_itemTag": "Golem Core (1.8%)",
				"_item": { "m_Collection": "resources.assets", "m_PathID": 83167 },
				"_dropChance": 0.018,
				"_dropQuantity": 1
			},
			{
				"_itemTag": "Golem Gem (1.7%)",
				"_item": { "m_Collection": "resources.assets", "m_PathID": 83168 },
				"_dropChance": 0.017,
				"_dropQuantity": 1
			},
			{
				"_itemTag": "Deadwood Log (1.2%)",
				"_item": { "m_Collection": "resources.assets", "m_PathID": 83158 },
				"_dropChance": 0.012,
				"_dropQuantity": 1
			}
		],
		"_currencyAmount": 3
	}
}