{
	"m_CorrespondingSourceObject": { "m_Collection": "resources.assets", "m_PathID": 0 },
	"m_EditorClassIdentifier": "",
	"m_EditorHideFlags": 0,
	"m_Enabled": 1,
	"m_GameObject": { "m_Collection": "resources.assets", "m_PathID": 0 },
	"m_HideFlags": 0,
	"m_Name": "lootTable_groveChest (NORMAL)",
	"m_PrefabAsset": { "m_Collection": "resources.assets", "m_PathID": 0 },
	"m_PrefabInstance": { "m_Collection": "resources.assets", "m_PathID": 0 },
	"m_Script": { "m_Collection": "resources.assets", "m_PathID": 321 },
	"m_Structure": {
		"_itemDrops": [
			{
				"_itemTag": "Tome of Experience (5%)",
				"_item": { "m_Collection": "resources.assets", "m_PathID": 83142 },
				"_dropChance": 0.05,
				"_dropQuantity": 1
			},
			{
				"_itemTag": "Tome of Greater Experience (1.2%)",
				"_item": { "m_Collection": "resources.assets", "m_PathID": 83143 },
				"_dropChance": 0.012,
				"_dropQuantity": 1
			},
			{
				"_itemTag": "Illusion Stone (5.3%)",
				"_item": { "m_Collection": "resources.assets", "m_PathID": 274 },
				"_dropChance": 0.053,
				"_dropQuantity": 1
			},
			{
				"_itemTag": "Angela\u0027s Tear (0.6%)",
				"_item": { "m_Collection": "resources.assets", "m_PathID": 83149 },
				"_dropChance": 0.006,
				"_dropQuantity": 1
			},
			{
				"_itemTag": "Soul Pearl (0.8%)",
				"_item": { "m_Collection": "resources.assets", "m_PathID": 83190 },
				"_dropChance": 0.008,
				"_dropQuantity": 1
			},
			{
				"_itemTag": "Magiclove (6.9%)",
				"_item": { "m_Collection": "resources.assets", "m_PathID": 83128 },
				"_dropChance": 0.069,
				"_dropQuantity": 1
			},
			{
				"_itemTag": "Bunjar (7.4%)",
				"_item": { "m_Collection": "resources.assets", "m_PathID": 83125 },
				"_dropChance": 0.074,
				"_dropQuantity": 1
			},
			{
				"_itemTag": "Bunbag (8.4%)",
				"_item": { "m_Collection": "resources.assets", "m_PathID": 83124 },
				"_dropChance": 0.084,
				"_dropQuantity": 1
			},
			{
				"_itemTag": "Gemveil Raiment (22.9%)",
				"_item": { "m_Collection": "resources.assets", "m_PathID": 82909 },
				"_dropChance": 0.229,
				"_dropQuantity": 1
			},
			{
				"_itemTag": "Stridebond Pants (21.6%)",
				"_item": { "m_Collection": "resources.assets", "m_PathID": 82940 },
				"_dropChance": 0.216,
				"_dropQuantity": 1
			},
			{
				"_itemTag": "Chainscale Chest (17.9%)",
				"_item": { "m_Collection": "resources.assets", "m_PathID": 82908 },
				"_dropChance": 0.179,
				"_dropQuantity": 1
			},
			{
				"_itemTag": "Carbuncle Robe (18.6%)",
				"_item": { "m_Collection": "resources.assets", "m_PathID": 82907 },
				"_dropChance": 0.186,
				"_dropQuantity": 1
			},
			{
				"_itemTag": "Orbos Ring (15.3%)",
				"_item": { "m_Collection": "resources.assets", "m_PathID": 82968 },
				"_dropChance": 0.153,
				"_dropQuantity": 1
			},
			{
				"_itemTag": "Jadetrout Ring (10.3%)",
				"_item": { "m_Collection": "resources.assets", "m_PathID": 82967 },
				"_dropChance": 0.103,
				"_dropQuantity": 1
			},
			{
				"_itemTag": "Forlorn Cloak (10.2%)",
				"_item": { "m_Collection": "resources.assets", "m_PathID": 82878 },
				"_dropChance": 0.102,
				"_dropQuantity": 1
			},
			{
				"_itemTag": "Meshlink Cape (5.1%)",
				"_item": { "m_Collection": "resources.assets", "m_PathID": 82879 },
				"_dropChance": 0.051,
				"_dropQuantity": 1
			},
			{
				"_itemTag": "Sagecaller Cape (5.9%)",
				"_item": { "m_Collection": "resources.assets", "m_PathID": 82880 },
				"_dropChance": 0.059,
				"_dropQuantity": 1
			},
			{
				"_itemTag": "Cobblerage Cloak (5.2%)",
				"_item": { "m_Collection": "resources.assets", "m_PathID": 82876 },
				"_dropChance": 0.052,
				"_dropQuantity": 1
			},
			{
				"_itemTag": "Knightguard Halo (15.6%)",
				"_item": { "m_Collection": "resources.assets", "m_PathID": 82858 },
				"_dropChance": 0.156,
				"_dropQuantity": 1
			},
			{
				"_itemTag": "Jestercast Memory (10.5%)",
				"_item": { "m_Collection": "resources.assets", "m_PathID": 82857 },
				"_dropChance": 0.105,
				"_dropQuantity": 1
			},
			{
				"_itemTag": "Glyphgrift Halo (13.5%)",
				"_item": { "m_Collection": "resources.assets", "m_PathID": 82856 },
				"_dropChance": 0.135,
				"_dropQuantity": 1
			},
			{
				"_itemTag": "Rustweary Shield (18.3%)",
				"_item": { "m_Collection": "resources.assets", "m_PathID": 82952 },
				"_dropChance": 0.183,
				"_dropQuantity": 1
			},
			{
				"_itemTag": "Rustwise Shield (13.9%)",
				"_item": { "m_Collection": "resources.assets", "m_PathID": 82953 },
				"_dropChance": 0.139,
				"_dropQuantity": 1
			},
			{
				"_itemTag": "Serrated Blade (22.5%)",
				"_item": { "m_Collection": "resources.assets", "m_PathID": 83032 },
				"_dropChance": 0.225,
				"_dropQuantity": 1
			},
			{
				"_itemTag": "Serrated Spear (16.2%)",
				"_item": { "m_Collection": "resources.assets", "m_PathID": 83059 },
				"_dropChance": 0.162,
				"_dropQuantity": 1
			},
			{
				"_itemTag": "Serrated Knuckles (17.5%)",
				"_item": { "m_Collection": "resources.assets", "m_PathID": 83004 },
				"_dropChance": 0.175,
				"_dropQuantity": 1
			},
			{
				"_itemTag": "Serrated Longbow (21.2%)",
				"_item": { "m_Collection": "resources.assets", "m_PathID": 83015 },
				"_dropChance": 0.212,
				"_dropQuantity": 1
			},
			{
				"_itemTag": "Aquapetal Staff (16.5%)",
				"_item": { "m_Collection": "resources.assets", "m_PathID": 83070 },
				"_dropChance": 0.165,
				"_dropQuantity": 1
			},
			{
				"_itemTag": "Flamepetal Staff (14.4%)",
				"_item": { "m_Collection": "resources.assets", "m_PathID": 83071 },
				"_dropChance": 0.144,
				"_dropQuantity": 1
			},
			{
				"_itemTag": "Carbuncle Foot (7.2%)",
				"_item": { "m_Collection": "resources.assets", "m_PathID": 83155 },
				"_dropChance": 0.072,
				"_dropQuantity": 1
			},
			{
				"_itemTag": "Cursed Note (3.9%)",
				"_item": { "m_Collection": "resources.assets", "m_PathID": 83157 },
				"_dropChance": 0.039,
				"_dropQuantity": 1
			},
			{
				"_itemTag": "Might Stone (13%)",
				"_item": { "m_Collection": "resources.assets", "m_PathID": 83174 },
				"_dropChance": 0.13,
				"_dropQuantity": 1
			},
			{
				"_itemTag": "Agility Stone (13%)",
				"_item": { "m_Collection": "resources.assets", "m_PathID": 83148 },
				"_dropChance": 0.13,
				"_dropQuantity": 1
			},
			{
				"_itemTag": "Flux Stone (13%)",
				"_item": { "m_Collection": "resources.assets", "m_PathID": 83162 },
				"_dropChance": 0.13,
				"_dropQuantity": 1
			},
			{
				"_itemTag": "Skill Scroll (Life Tap) (8.5%)",
				"_item": { "m_Collection": "resources.assets", "m_PathID": 83115 },
				"_dropChance": 0.085,
				"_dropQuantity": 1
			},
			{
				"_itemTag": "Skill Scroll (Aquos) (8.5%)",
				"_item": { "m_Collection": "resources.assets", "m_PathID": 83113 },
				"_dropChance": 0.085,
				"_dropQuantity": 1
			},
			{
				"_itemTag": "Skill Scroll (Gust) (8.5%)",
				"_item": { "m_Collection": "resources.assets", "m_PathID": 83114 },
				"_dropChance": 0.085,
				"_dropQuantity": 1
			},
			{
				"_itemTag": "Skill Scroll (Talus) (8.5%)",
				"_item": { "m_Collection": "resources.assets", "m_PathID": 83116 },
				"_dropChance": 0.085,
				"_dropQuantity": 1
			},
			{
				"_itemTag": "Bolster Potion (3.6%)",
				"_item": { "m_Collection": "resources.assets", "m_PathID": 83139 },
				"_dropChance": 0.036,
				"_dropQuantity": 1
			},
			{
				"_itemTag": "Agility Potion (3.6%)",
				"_item": { "m_Collection": "resources.assets", "m_PathID": 83138 },
				"_dropChance": 0.036,
				"_dropQuantity": 1
			}
		],
		"_currencyAmount": 5
	}
}