{
	"m_CorrespondingSourceObject": { "m_Collection": "resources.assets", "m_PathID": 0 },
	"m_EditorClassIdentifier": "",
	"m_EditorHideFlags": 0,
	"m_Enabled": 1,
	"m_GameObject": { "m_Collection": "resources.assets", "m_PathID": 0 },
	"m_HideFlags": 0,
	"m_Name": "lootTable_groveChest (HARD)",
	"m_PrefabAsset": { "m_Collection": "resources.assets", "m_PathID": 0 },
	"m_PrefabInstance": { "m_Collection": "resources.assets", "m_PathID": 0 },
	"m_Script": { "m_Collection": "resources.assets", "m_PathID": 321 },
	"m_Structure": {
		"_itemDrops": [
			{
				"_itemTag": "Tome of Experience (6.7%)",
				"_item": { "m_Collection": "resources.assets", "m_PathID": 83142 },
				"_dropChance": 0.067,
				"_dropQuantity": 1
			},
			{
				"_itemTag": "Tome of Greater Experience (4.1%)",
				"_item": { "m_Collection": "resources.assets", "m_PathID": 83143 },
				"_dropChance": 0.041,
				"_dropQuantity": 1
			},
			{
				"_itemTag": "Angela\u0027s Tear (0.6%)",
				"_item": { "m_Collection": "resources.assets", "m_PathID": 83149 },
				"_dropChance": 0.006,
				"_dropQuantity": 1
			},
			{
				"_itemTag": "Soul Pearl (2.4%)",
				"_item": { "m_Collection": "resources.assets", "m_PathID": 83190 },
				"_dropChance": 0.024,
				"_dropQuantity": 1
			},
			{
				"_itemTag": "Might Stone (15%)",
				"_item": { "m_Collection": "resources.assets", "m_PathID": 83174 },
				"_dropChance": 0.15,
				"_dropQuantity": 1
			},
			{
				"_itemTag": "Agility Stone (15%)",
				"_item": { "m_Collection": "resources.assets", "m_PathID": 83148 },
				"_dropChance": 0.15,
				"_dropQuantity": 1
			},
			{
				"_itemTag": "Flux Stone (15%)",
				"_item": { "m_Collection": "resources.assets", "m_PathID": 83162 },
				"_dropChance": 0.15,
				"_dropQuantity": 1
			},
			{
				"_itemTag": "Illusion Stone (8%)",
				"_item": { "m_Collection": "resources.assets", "m_PathID": 274 },
				"_dropChance": 0.08,
				"_dropQuantity": 1
			},
			{
				"_itemTag": "Magiclove (10.2%)",
				"_item": { "m_Collection": "resources.assets", "m_PathID": 83128 },
				"_dropChance": 0.102,
				"_dropQuantity": 1
			},
			{
				"_itemTag": "Magiflower (7.2%)",
				"_item": { "m_Collection": "resources.assets", "m_PathID": 83129 },
				"_dropChance": 0.072,
				"_dropQuantity": 1
			},
			{
				"_itemTag": "Bunjar (9.5%)",
				"_item": { "m_Collection": "resources.assets", "m_PathID": 83125 },
				"_dropChance": 0.095,
				"_dropQuantity": 1
			},
			{
				"_itemTag": "Bunbag (8.4%)",
				"_item": { "m_Collection": "resources.assets", "m_PathID": 83124 },
				"_dropChance": 0.084,
				"_dropQuantity": 1
			},
			{
				"_itemTag": "Bolster Potion (9.6%)",
				"_item": { "m_Collection": "resources.assets", "m_PathID": 83139 },
				"_dropChance": 0.096,
				"_dropQuantity": 1
			},
			{
				"_itemTag": "Agility Potion (7%)",
				"_item": { "m_Collection": "resources.assets", "m_PathID": 83138 },
				"_dropChance": 0.07,
				"_dropQuantity": 1
			},
			{
				"_itemTag": "Regen Potion (11.3%)",
				"_item": { "m_Collection": "resources.assets", "m_PathID": 83140 },
				"_dropChance": 0.113,
				"_dropQuantity": 1
			},
			{
				"_itemTag": "Skill Scroll (Life Tap) (12.5%)",
				"_item": { "m_Collection": "resources.assets", "m_PathID": 83115 },
				"_dropChance": 0.125,
				"_dropQuantity": 1
			},
			{
				"_itemTag": "Skill Scroll (Aquos) (10.5%)",
				"_item": { "m_Collection": "resources.assets", "m_PathID": 83113 },
				"_dropChance": 0.105,
				"_dropQuantity": 1
			},
			{
				"_itemTag": "Skill Scroll (Gust) (10.5%)",
				"_item": { "m_Collection": "resources.assets", "m_PathID": 83114 },
				"_dropChance": 0.105,
				"_dropQuantity": 1
			},
			{
				"_itemTag": "Skill Scroll (Talus) (10.5%)",
				"_item": { "m_Collection": "resources.assets", "m_PathID": 83116 },
				"_dropChance": 0.105,
				"_dropQuantity": 1
			},
			{
				"_itemTag": "Gemveil Breastplate (23%)",
				"_item": { "m_Collection": "resources.assets", "m_PathID": 82918 },
				"_dropChance": 0.23,
				"_dropQuantity": 1
			},
			{
				"_itemTag": "Gemveil Leggings (21.2%)",
				"_item": { "m_Collection": "resources.assets", "m_PathID": 82944 },
				"_dropChance": 0.212,
				"_dropQuantity": 1
			},
			{
				"_itemTag": "Jadewail Trousers (20.1%)",
				"_item": { "m_Collection": "resources.assets", "m_PathID": 82945 },
				"_dropChance": 0.201,
				"_dropQuantity": 1
			},
			{
				"_itemTag": "Magitek Burstgun (25.7%)",
				"_item": { "m_Collection": "resources.assets", "m_PathID": 83017 },
				"_dropChance": 0.257,
				"_dropQuantity": 1
			},
			{
				"_itemTag": "Guardel Helm (14.7%)",
				"_item": { "m_Collection": "resources.assets", "m_PathID": 82860 },
				"_dropChance": 0.147,
				"_dropQuantity": 1
			},
			{
				"_itemTag": "Flametribe Spear (17.5%)",
				"_item": { "m_Collection": "resources.assets", "m_PathID": 83061 },
				"_dropChance": 0.175,
				"_dropQuantity": 1
			},
			{
				"_itemTag": "Cryotribe Spear (20.9%)",
				"_item": { "m_Collection": "resources.assets", "m_PathID": 83060 },
				"_dropChance": 0.209,
				"_dropQuantity": 1
			},
			{
				"_itemTag": "Earthbind Tabard (21.6%)",
				"_item": { "m_Collection": "resources.assets", "m_PathID": 82916 },
				"_dropChance": 0.216,
				"_dropQuantity": 1
			}
		],
		"_currencyAmount": 10
	}
}