{
	"m_CorrespondingSourceObject": { "m_Collection": "resources.assets", "m_PathID": 0 },
	"m_EditorClassIdentifier": "",
	"m_EditorHideFlags": 0,
	"m_Enabled": 1,
	"m_GameObject": { "m_Collection": "resources.assets", "m_PathID": 0 },
	"m_HideFlags": 0,
	"m_Name": "lootTable_groveChestBoss (NORMAL)",
	"m_PrefabAsset": { "m_Collection": "resources.assets", "m_PathID": 0 },
	"m_PrefabInstance": { "m_Collection": "resources.assets", "m_PathID": 0 },
	"m_Script": { "m_Collection": "resources.assets", "m_PathID": 321 },
	"m_Structure": {
		"_itemDrops": [
			{
				"_itemTag": "Berserker Chestpiece (100%)",
				"_item": { "m_Collection": "resources.assets", "m_PathID": 82978 },
				"_dropChance": 1,
				"_dropQuantity": 1
			},
			{
				"_itemTag": "Berserker Leggings (100%)",
				"_item": { "m_Collection": "resources.assets", "m_PathID": 82979 },
				"_dropChance": 1,
				"_dropQuantity": 1
			},
			{
				"_itemTag": "Magilord Overalls (100%)",
				"_item": { "m_Collection": "resources.assets", "m_PathID": 82986 },
				"_dropChance": 1,
				"_dropQuantity": 1
			},
			{
				"_itemTag": "Magilord Boots (100%)",
				"_item": { "m_Collection": "resources.assets", "m_PathID": 82987 },
				"_dropChance": 1,
				"_dropQuantity": 1
			},
			{
				"_itemTag": "Fuguefall Duster (100%)",
				"_item": { "m_Collection": "resources.assets", "m_PathID": 82994 },
				"_dropChance": 1,
				"_dropQuantity": 1
			},
			{
				"_itemTag": "Fuguefall Pants (100%)",
				"_item": { "m_Collection": "resources.assets", "m_PathID": 82995 },
				"_dropChance": 1,
				"_dropQuantity": 1
			},
			{
				"_itemTag": "Colossus Tone (90%)",
				"_item": { "m_Collection": "resources.assets", "m_PathID": 83090 },
				"_dropChance": 0.9,
				"_dropQuantity": 1
			},
			{
				"_itemTag": "Quake Pummeler (90%)",
				"_item": { "m_Collection": "resources.assets", "m_PathID": 83047 },
				"_dropChance": 0.9,
				"_dropQuantity": 1
			},
			{
				"_itemTag": "Golemfist Katars (90%)",
				"_item": { "m_Collection": "resources.assets", "m_PathID": 83006 },
				"_dropChance": 0.9,
				"_dropQuantity": 1
			},
			{
				"_itemTag": "Earthwoken Ring (60%)",
				"_item": { "m_Collection": "resources.assets", "m_PathID": 82970 },
				"_dropChance": 0.6,
				"_dropQuantity": 1
			}
		],
		"_currencyAmount": 0
	}
}