{
	"m_CorrespondingSourceObject": { "m_Collection": "resources.assets", "m_PathID": 0 },
	"m_EditorClassIdentifier": "",
	"m_EditorHideFlags": 0,
	"m_Enabled": 1,
	"m_GameObject": { "m_Collection": "resources.assets", "m_PathID": 0 },
	"m_HideFlags": 0,
	"m_Name": "lootTable_groveChestBoss (HARD)",
	"m_PrefabAsset": { "m_Collection": "resources.assets", "m_PathID": 0 },
	"m_PrefabInstance": { "m_Collection": "resources.assets", "m_PathID": 0 },
	"m_Script": { "m_Collection": "resources.assets", "m_PathID": 321 },
	"m_Structure": {
		"_itemDrops": [
			{
				"_itemTag": "Executioner Vestment (100%)",
				"_item": { "m_Collection": "resources.assets", "m_PathID": 82980 },
				"_dropChance": 1,
				"_dropQuantity": 1
			},
			{
				"_itemTag": "Executioner Leggings (100%)",
				"_item": { "m_Collection": "resources.assets", "m_PathID": 82981 },
				"_dropChance": 1,
				"_dropQuantity": 1
			},
			{
				"_itemTag": "Wizlad Hood (100%)",
				"_item": { "m_Collection": "resources.assets", "m_PathID": 82989 },
				"_dropChance": 1,
				"_dropQuantity": 1
			},
			{
				"_itemTag": "Wizlad Robe (100%)",
				"_item": { "m_Collection": "resources.assets", "m_PathID": 82988 },
				"_dropChance": 1,
				"_dropQuantity": 1
			},
			{
				"_itemTag": "Fender Garb (100%)",
				"_item": { "m_Collection": "resources.assets", "m_PathID": 82996 },
				"_dropChance": 1,
				"_dropQuantity": 1
			},
			{
				"_itemTag": "Fender Leggings (100%)",
				"_item": { "m_Collection": "resources.assets", "m_PathID": 82997 },
				"_dropChance": 1,
				"_dropQuantity": 1
			},
			{
				"_itemTag": "Valdur Blade (100%)",
				"_item": { "m_Collection": "resources.assets", "m_PathID": 83035 },
				"_dropChance": 1,
				"_dropQuantity": 1
			},
			{
				"_itemTag": "Windgolem Cloak (50%)",
				"_item": { "m_Collection": "resources.assets", "m_PathID": 82881 },
				"_dropChance": 0.5,
				"_dropQuantity": 1
			},
			{
				"_itemTag": "Deathknight Helm (50%)",
				"_item": { "m_Collection": "resources.assets", "m_PathID": 82861 },
				"_dropChance": 0.5,
				"_dropQuantity": 1
			}
		],
		"_currencyAmount": 0
	}
}