{
	"m_CorrespondingSourceObject": { "m_Collection": "resources.assets", "m_PathID": 0 },
	"m_EditorClassIdentifier": "",
	"m_EditorHideFlags": 0,
	"m_Enabled": 1,
	"m_GameObject": { "m_Collection": "resources.assets", "m_PathID": 0 },
	"m_HideFlags": 0,
	"m_Name": "lootTable_catacombsChestBoss (NORMAL)",
	"m_PrefabAsset": { "m_Collection": "resources.assets", "m_PathID": 0 },
	"m_PrefabInstance": { "m_Collection": "resources.assets", "m_PathID": 0 },
	"m_Script": { "m_Collection": "resources.assets", "m_PathID": 321 },
	"m_Structure": {
		"_itemDrops": [
			{
				"_itemTag": "Crypt Pounder (100%)",
				"_item": { "m_Collection": "resources.assets", "m_PathID": 83053 },
				"_dropChance": 1,
				"_dropQuantity": 1
			},
			{
				"_itemTag": "Sinner Bardiche (100%)",
				"_item": { "m_Collection": "resources.assets", "m_PathID": 83056 },
				"_dropChance": 1,
				"_dropQuantity": 1
			},
			{
				"_itemTag": "Petrified Bow (100%)",
				"_item": { "m_Collection": "resources.assets", "m_PathID": 83011 },
				"_dropChance": 1,
				"_dropQuantity": 1
			},
			{
				"_itemTag": "Geistlord Claws (100%)",
				"_item": { "m_Collection": "resources.assets", "m_PathID": 83000 },
				"_dropChance": 1,
				"_dropQuantity": 1
			},
			{
				"_itemTag": "Witchlock Robe (100%)",
				"_item": { "m_Collection": "resources.assets", "m_PathID": 82982 },
				"_dropChance": 1,
				"_dropQuantity": 1
			},
			{
				"_itemTag": "Witchlock Loincloth (100%)",
				"_item": { "m_Collection": "resources.assets", "m_PathID": 82983 },
				"_dropChance": 1,
				"_dropQuantity": 1
			},
			{
				"_itemTag": "Lord Breastplate (100%)",
				"_item": { "m_Collection": "resources.assets", "m_PathID": 82974 },
				"_dropChance": 1,
				"_dropQuantity": 1
			},
			{
				"_itemTag": "Lord Greaves (100%)",
				"_item": { "m_Collection": "resources.assets", "m_PathID": 82975 },
				"_dropChance": 1,
				"_dropQuantity": 1
			},
			{
				"_itemTag": "Reapsow Garb (100%)",
				"_item": { "m_Collection": "resources.assets", "m_PathID": 82990 },
				"_dropChance": 1,
				"_dropQuantity": 1
			},
			{
				"_itemTag": "Reapsow Pants (100%)",
				"_item": { "m_Collection": "resources.assets", "m_PathID": 82991 },
				"_dropChance": 1,
				"_dropQuantity": 1
			},
			{
				"_itemTag": "Regazuul Cape (90%)",
				"_item": { "m_Collection": "resources.assets", "m_PathID": 82872 },
				"_dropChance": 0.9,
				"_dropQuantity": 1
			},
			{
				"_itemTag": "Geistlord Crown (64.4%)",
				"_item": { "m_Collection": "resources.assets", "m_PathID": 82848 },
				"_dropChance": 0.644,
				"_dropQuantity": 1
			},
			{
				"_itemTag": "Geistlord Ring (43.1%)",
				"_item": { "m_Collection": "resources.assets", "m_PathID": 82962 },
				"_dropChance": 0.431,
				"_dropQuantity": 1
			}
		],
		"_currencyAmount": 10
	}
}