{
	"m_CorrespondingSourceObject": { "m_Collection": "resources.assets", "m_PathID": 0 },
	"m_EditorClassIdentifier": "",
	"m_EditorHideFlags": 0,
	"m_Enabled": 1,
	"m_GameObject": { "m_Collection": "resources.assets", "m_PathID": 0 },
	"m_HideFlags": 0,
	"m_Name": "lootTable_catcombsChest (HARD)",
	"m_PrefabAsset": { "m_Collection": "resources.assets", "m_PathID": 0 },
	"m_PrefabInstance": { "m_Collection": "resources.assets", "m_PathID": 0 },
	"m_Script": { "m_Collection": "resources.assets", "m_PathID": 321 },
	"m_Structure": {
		"_itemDrops": [
			{
				"_itemTag": "Tome of Experience (3.5%)",
				"_item": { "m_Collection": "resources.assets", "m_PathID": 83142 },
				"_dropChance": 0.035,
				"_dropQuantity": 1
			},
			{
				"_itemTag": "Tome of Greater Experience (1.5%)",
				"_item": { "m_Collection": "resources.assets", "m_PathID": 83143 },
				"_dropChance": 0.015,
				"_dropQuantity": 1
			},
			{
				"_itemTag": "Angela\u0027s Tear (2%)",
				"_item": { "m_Collection": "resources.assets", "m_PathID": 83149 },
				"_dropChance": 0.02,
				"_dropQuantity": 1
			},
			{
				"_itemTag": "Soul Pearl (3%)",
				"_item": { "m_Collection": "resources.assets", "m_PathID": 83190 },
				"_dropChance": 0.03,
				"_dropQuantity": 1
			},
			{
				"_itemTag": "Illusion Stone (1.5%)",
				"_item": { "m_Collection": "resources.assets", "m_PathID": 274 },
				"_dropChance": 0.015,
				"_dropQuantity": 1
			},
			{
				"_itemTag": "Might Stone (4.8%)",
				"_item": { "m_Collection": "resources.assets", "m_PathID": 83174 },
				"_dropChance": 0.048,
				"_dropQuantity": 1
			},
			{
				"_itemTag": "Agility Stone (4.8%)",
				"_item": { "m_Collection": "resources.assets", "m_PathID": 83148 },
				"_dropChance": 0.048,
				"_dropQuantity": 1
			},
			{
				"_itemTag": "Flux Stone (4.8%)",
				"_item": { "m_Collection": "resources.assets", "m_PathID": 83162 },
				"_dropChance": 0.048,
				"_dropQuantity": 1
			},
			{
				"_itemTag": "Bunjar (3.8%)",
				"_item": { "m_Collection": "resources.assets", "m_PathID": 83125 },
				"_dropChance": 0.038,
				"_dropQuantity": 1
			},
			{
				"_itemTag": "Bunbag (2.1%)",
				"_item": { "m_Collection": "resources.assets", "m_PathID": 83124 },
				"_dropChance": 0.021,
				"_dropQuantity": 1
			},
			{
				"_itemTag": "Stamstar (3.2%)",
				"_item": { "m_Collection": "resources.assets", "m_PathID": 83133 },
				"_dropChance": 0.032,
				"_dropQuantity": 1
			},
			{
				"_itemTag": "Magiclove (6.2%)",
				"_item": { "m_Collection": "resources.assets", "m_PathID": 83128 },
				"_dropChance": 0.062,
				"_dropQuantity": 1
			},
			{
				"_itemTag": "Magiflower (3.8%)",
				"_item": { "m_Collection": "resources.assets", "m_PathID": 83129 },
				"_dropChance": 0.038,
				"_dropQuantity": 1
			},
			{
				"_itemTag": "Skill Scroll (Alacrity) (3.2%)",
				"_item": { "m_Collection": "resources.assets", "m_PathID": 83104 },
				"_dropChance": 0.032,
				"_dropQuantity": 1
			},
			{
				"_itemTag": "Skill Scroll (Inner Focus) (3.2%)",
				"_item": { "m_Collection": "resources.assets", "m_PathID": 83105 },
				"_dropChance": 0.032,
				"_dropQuantity": 1
			},
			{
				"_itemTag": "Skill Scroll (Leg Up) (3.2%)",
				"_item": { "m_Collection": "resources.assets", "m_PathID": 83106 },
				"_dropChance": 0.032,
				"_dropQuantity": 1
			},
			{
				"_itemTag": "Skill Scroll (Siphon Leech) (3.2%)",
				"_item": { "m_Collection": "resources.assets", "m_PathID": 83107 },
				"_dropChance": 0.032,
				"_dropQuantity": 1
			},
			{
				"_itemTag": "Skill Scroll (Sturdy) (3.2%)",
				"_item": { "m_Collection": "resources.assets", "m_PathID": 83108 },
				"_dropChance": 0.032,
				"_dropQuantity": 1
			},
			{
				"_itemTag": "Skill Scroll (Spread Shot) (8.8%)",
				"_item": { "m_Collection": "resources.assets", "m_PathID": 83122 },
				"_dropChance": 0.088,
				"_dropQuantity": 1
			},
			{
				"_itemTag": "Skill Scroll (Fira) (8.8%)",
				"_item": { "m_Collection": "resources.assets", "m_PathID": 83118 },
				"_dropChance": 0.088,
				"_dropQuantity": 1
			},
			{
				"_itemTag": "Skill Scroll (Spire) (8.8%)",
				"_item": { "m_Collection": "resources.assets", "m_PathID": 83121 },
				"_dropChance": 0.088,
				"_dropQuantity": 1
			},
			{
				"_itemTag": "Vampiric Coat (2%)",
				"_item": { "m_Collection": "resources.assets", "m_PathID": 82896 },
				"_dropChance": 0.02,
				"_dropQuantity": 1
			},
			{
				"_itemTag": "Vampiric Leggings (1.2%)",
				"_item": { "m_Collection": "resources.assets", "m_PathID": 82935 },
				"_dropChance": 0.012,
				"_dropQuantity": 1
			},
			{
				"_itemTag": "Ornamented Battlerobe (14.7%)",
				"_item": { "m_Collection": "resources.assets", "m_PathID": 82906 },
				"_dropChance": 0.147,
				"_dropQuantity": 1
			},
			{
				"_itemTag": "Chainmail Guard (13.4%)",
				"_item": { "m_Collection": "resources.assets", "m_PathID": 82904 },
				"_dropChance": 0.134,
				"_dropQuantity": 1
			},
			{
				"_itemTag": "Chainmail Leggings (10.7%)",
				"_item": { "m_Collection": "resources.assets", "m_PathID": 82937 },
				"_dropChance": 0.107,
				"_dropQuantity": 1
			},
			{
				"_itemTag": "Darkcloth Pants (8.4%)",
				"_item": { "m_Collection": "resources.assets", "m_PathID": 82938 },
				"_dropChance": 0.084,
				"_dropQuantity": 1
			},
			{
				"_itemTag": "Nethercrypt Tabard (18.7%)",
				"_item": { "m_Collection": "resources.assets", "m_PathID": 82902 },
				"_dropChance": 0.187,
				"_dropQuantity": 1
			},
			{
				"_itemTag": "Nethercrypt Cloak (13.9%)",
				"_item": { "m_Collection": "resources.assets", "m_PathID": 82875 },
				"_dropChance": 0.139,
				"_dropQuantity": 1
			},
			{
				"_itemTag": "Nethercrypt Shield (16.7%)",
				"_item": { "m_Collection": "resources.assets", "m_PathID": 82951 },
				"_dropChance": 0.167,
				"_dropQuantity": 1
			},
			{
				"_itemTag": "Nethercrypt Halo (14.2%)",
				"_item": { "m_Collection": "resources.assets", "m_PathID": 82853 },
				"_dropChance": 0.142,
				"_dropQuantity": 1
			},
			{
				"_itemTag": "Necroroyal Halberd (6.7%)",
				"_item": { "m_Collection": "resources.assets", "m_PathID": 83055 },
				"_dropChance": 0.067,
				"_dropQuantity": 1
			},
			{
				"_itemTag": "Necroroyal Bow (12.5%)",
				"_item": { "m_Collection": "resources.assets", "m_PathID": 83013 },
				"_dropChance": 0.125,
				"_dropQuantity": 1
			},
			{
				"_itemTag": "Slitherwraith Ring (21.5%)",
				"_item": { "m_Collection": "resources.assets", "m_PathID": 82965 },
				"_dropChance": 0.215,
				"_dropQuantity": 1
			},
			{
				"_itemTag": "Pearlpond Ring (14.2%)",
				"_item": { "m_Collection": "resources.assets", "m_PathID": 82964 },
				"_dropChance": 0.142,
				"_dropQuantity": 1
			},
			{
				"_itemTag": "Nethercrypt Blade (13.6%)",
				"_item": { "m_Collection": "resources.assets", "m_PathID": 83029 },
				"_dropChance": 0.136,
				"_dropQuantity": 1
			},
			{
				"_itemTag": "Nethercrypt Bauble (12.5%)",
				"_item": { "m_Collection": "resources.assets", "m_PathID": 83069 },
				"_dropChance": 0.125,
				"_dropQuantity": 1
			},
			{
				"_itemTag": "Pyre Cane (14.8%)",
				"_item": { "m_Collection": "resources.assets", "m_PathID": 83067 },
				"_dropChance": 0.148,
				"_dropQuantity": 1
			},
			{
				"_itemTag": "Bolster Vial (4.8%)",
				"_item": { "m_Collection": "resources.assets", "m_PathID": 83135 },
				"_dropChance": 0.048,
				"_dropQuantity": 1
			},
			{
				"_itemTag": "Agility Vial (4.8%)",
				"_item": { "m_Collection": "resources.assets", "m_PathID": 83134 },
				"_dropChance": 0.048,
				"_dropQuantity": 1
			},
			{
				"_itemTag": "Wisdom Vial (4.8%)",
				"_item": { "m_Collection": "resources.assets", "m_PathID": 83137 },
				"_dropChance": 0.048,
				"_dropQuantity": 1
			},
			{
				"_itemTag": "Regen Vial (4.8%)",
				"_item": { "m_Collection": "resources.assets", "m_PathID": 83136 },
				"_dropChance": 0.048,
				"_dropQuantity": 1
			}
		],
		"_currencyAmount": 3
	}
}