{
	"m_CorrespondingSourceObject": { "m_Collection": "resources.assets", "m_PathID": 0 },
	"m_EditorClassIdentifier": "",
	"m_EditorHideFlags": 0,
	"m_Enabled": 1,
	"m_GameObject": { "m_Collection": "resources.assets", "m_PathID": 0 },
	"m_HideFlags": 0,
	"m_Name": "lootTable_catacombsChestBoss (HARD)",
	"m_PrefabAsset": { "m_Collection": "resources.assets", "m_PathID": 0 },
	"m_PrefabInstance": { "m_Collection": "resources.assets", "m_PathID": 0 },
	"m_Script": { "m_Collection": "resources.assets", "m_PathID": 321 },
	"m_Structure": {
		"_itemDrops": [
			{
				"_itemTag": "Coldgeist Punisher (100%)",
				"_item": { "m_Collection": "resources.assets", "m_PathID": 83044 },
				"_dropChance": 1,
				"_dropQuantity": 1
			},
			{
				"_itemTag": "Coldgeist Blade (100%)",
				"_item": { "m_Collection": "resources.assets", "m_PathID": 83030 },
				"_dropChance": 1,
				"_dropQuantity": 1
			},
			{
				"_itemTag": "Frostbite Claws (100%)",
				"_item": { "m_Collection": "resources.assets", "m_PathID": 83003 },
				"_dropChance": 1,
				"_dropQuantity": 1
			},
			{
				"_itemTag": "Coldgeist Bow (100%)",
				"_item": { "m_Collection": "resources.assets", "m_PathID": 83014 },
				"_dropChance": 1,
				"_dropQuantity": 1
			},
			{
				"_itemTag": "Coldgeist Frostcaller (100%)",
				"_item": { "m_Collection": "resources.assets", "m_PathID": 83088 },
				"_dropChance": 1,
				"_dropQuantity": 1
			},
			{
				"_itemTag": "King Breastplate (100%)",
				"_item": { "m_Collection": "resources.assets", "m_PathID": 82976 },
				"_dropChance": 1,
				"_dropQuantity": 1
			},
			{
				"_itemTag": "King Greaves (100%)",
				"_item": { "m_Collection": "resources.assets", "m_PathID": 82977 },
				"_dropChance": 1,
				"_dropQuantity": 1
			},
			{
				"_itemTag": "Witchwizard Robe (100%)",
				"_item": { "m_Collection": "resources.assets", "m_PathID": 82984 },
				"_dropChance": 1,
				"_dropQuantity": 1
			},
			{
				"_itemTag": "Witchwizard Garterbelt (100%)",
				"_item": { "m_Collection": "resources.assets", "m_PathID": 82985 },
				"_dropChance": 1,
				"_dropQuantity": 1
			},
			{
				"_itemTag": "Reaper Gi (100%)",
				"_item": { "m_Collection": "resources.assets", "m_PathID": 82992 },
				"_dropChance": 1,
				"_dropQuantity": 1
			},
			{
				"_itemTag": "Reaper Leggings (100%)",
				"_item": { "m_Collection": "resources.assets", "m_PathID": 82993 },
				"_dropChance": 1,
				"_dropQuantity": 1
			},
			{
				"_itemTag": "Deathward Cape (97.7%)",
				"_item": { "m_Collection": "resources.assets", "m_PathID": 82877 },
				"_dropChance": 0.977,
				"_dropQuantity": 1
			},
			{
				"_itemTag": "Geistlord Band (90.2%)",
				"_item": { "m_Collection": "resources.assets", "m_PathID": 82966 },
				"_dropChance": 0.902,
				"_dropQuantity": 1
			},
			{
				"_itemTag": "Geistlord Eye (90.2%)",
				"_item": { "m_Collection": "resources.assets", "m_PathID": 82855 },
				"_dropChance": 0.902,
				"_dropQuantity": 1
			}
		],
		"_currencyAmount": 10
	}
}