{
	"m_CorrespondingSourceObject": { "m_Collection": "resources.assets", "m_PathID": 0 },
	"m_EditorClassIdentifier": "",
	"m_EditorHideFlags": 0,
	"m_Enabled": 1,
	"m_GameObject": { "m_Collection": "resources.assets", "m_PathID": 0 },
	"m_HideFlags": 0,
	"m_Name": "lootTable_catcombsChest (EASY)",
	"m_PrefabAsset": { "m_Collection": "resources.assets", "m_PathID": 0 },
	"m_PrefabInstance": { "m_Collection": "resources.assets", "m_PathID": 0 },
	"m_Script": { "m_Collection": "resources.assets", "m_PathID": 321 },
	"m_Structure": {
		"_itemDrops": [
			{
				"_itemTag": "Rock (3.6%)",
				"_item": { "m_Collection": "resources.assets", "m_PathID": 275 },
				"_dropChance": 0.036,
				"_dropQuantity": 1
			},
			{
				"_itemTag": "Tome of Lesser Experience (2%)",
				"_item": { "m_Collection": "resources.assets", "m_PathID": 83144 },
				"_dropChance": 0.02,
				"_dropQuantity": 1
			},
			{
				"_itemTag": "Initiate Spectacles (23.2%)",
				"_item": { "m_Collection": "resources.assets", "m_PathID": 82865 },
				"_dropChance": 0.232,
				"_dropQuantity": 1
			},
			{
				"_itemTag": "Crypt Buckler (18.4%)",
				"_item": { "m_Collection": "resources.assets", "m_PathID": 82954 },
				"_dropChance": 0.184,
				"_dropQuantity": 1
			},
			{
				"_itemTag": "Crypt Blade (12%)",
				"_item": { "m_Collection": "resources.assets", "m_PathID": 83033 },
				"_dropChance": 0.12,
				"_dropQuantity": 1
			},
			{
				"_itemTag": "Crypt Bow (28.9%)",
				"_item": { "m_Collection": "resources.assets", "m_PathID": 83016 },
				"_dropChance": 0.289,
				"_dropQuantity": 1
			},
			{
				"_itemTag": "Ghostly Tabard (25.5%)",
				"_item": { "m_Collection": "resources.assets", "m_PathID": 82913 },
				"_dropChance": 0.255,
				"_dropQuantity": 1
			},
			{
				"_itemTag": "Skill Scroll (Alacrity) (0.5%)",
				"_item": { "m_Collection": "resources.assets", "m_PathID": 83104 },
				"_dropChance": 0.005,
				"_dropQuantity": 1
			},
			{
				"_itemTag": "Skill Scroll (Inner Focus) (0.5%)",
				"_item": { "m_Collection": "resources.assets", "m_PathID": 83105 },
				"_dropChance": 0.005,
				"_dropQuantity": 1
			},
			{
				"_itemTag": "Skill Scroll (Leg Up) (0.5%)",
				"_item": { "m_Collection": "resources.assets", "m_PathID": 83106 },
				"_dropChance": 0.005,
				"_dropQuantity": 1
			},
			{
				"_itemTag": "Skill Scroll (Siphon Leech) (0.5%)",
				"_item": { "m_Collection": "resources.assets", "m_PathID": 83107 },
				"_dropChance": 0.005,
				"_dropQuantity": 1
			},
			{
				"_itemTag": "Skill Scroll (Sturdy) (0.5%)",
				"_item": { "m_Collection": "resources.assets", "m_PathID": 83108 },
				"_dropChance": 0.005,
				"_dropQuantity": 1
			},
			{
				"_itemTag": "Skill Scroll (Spread Shot) (1%)",
				"_item": { "m_Collection": "resources.assets", "m_PathID": 83122 },
				"_dropChance": 0.01,
				"_dropQuantity": 1
			},
			{
				"_itemTag": "Skill Scroll (Fira) (1%)",
				"_item": { "m_Collection": "resources.assets", "m_PathID": 83118 },
				"_dropChance": 0.01,
				"_dropQuantity": 1
			},
			{
				"_itemTag": "Skill Scroll (Spire) (1%)",
				"_item": { "m_Collection": "resources.assets", "m_PathID": 83121 },
				"_dropChance": 0.01,
				"_dropQuantity": 1
			},
			{
				"_itemTag": "Ring Of Ambition (7.6%)",
				"_item": { "m_Collection": "resources.assets", "m_PathID": 82960 },
				"_dropChance": 0.076,
				"_dropQuantity": 1
			},
			{
				"_itemTag": "Old Ring (10.2%)",
				"_item": { "m_Collection": "resources.assets", "m_PathID": 82959 },
				"_dropChance": 0.102,
				"_dropQuantity": 1
			},
			{
				"_itemTag": "Cryptsinge Chest (31.7%)",
				"_item": { "m_Collection": "resources.assets", "m_PathID": 82920 },
				"_dropChance": 0.317,
				"_dropQuantity": 1
			},
			{
				"_itemTag": "Cryptsinge Halo (25.5%)",
				"_item": { "m_Collection": "resources.assets", "m_PathID": 82864 },
				"_dropChance": 0.255,
				"_dropQuantity": 1
			},
			{
				"_itemTag": "Marrow Bauble (22.4%)",
				"_item": { "m_Collection": "resources.assets", "m_PathID": 83073 },
				"_dropChance": 0.224,
				"_dropQuantity": 1
			},
			{
				"_itemTag": "Journeyman Vest (26.3%)",
				"_item": { "m_Collection": "resources.assets", "m_PathID": 82921 },
				"_dropChance": 0.263,
				"_dropQuantity": 1
			},
			{
				"_itemTag": "Journeyman Shorts (26.3%)",
				"_item": { "m_Collection": "resources.assets", "m_PathID": 82942 },
				"_dropChance": 0.263,
				"_dropQuantity": 1
			},
			{
				"_itemTag": "Might Stone (3%)",
				"_item": { "m_Collection": "resources.assets", "m_PathID": 83174 },
				"_dropChance": 0.03,
				"_dropQuantity": 1
			},
			{
				"_itemTag": "Agility Stone (3%)",
				"_item": { "m_Collection": "resources.assets", "m_PathID": 83148 },
				"_dropChance": 0.03,
				"_dropQuantity": 1
			},
			{
				"_itemTag": "Flux Stone (3%)",
				"_item": { "m_Collection": "resources.assets", "m_PathID": 83162 },
				"_dropChance": 0.03,
				"_dropQuantity": 1
			},
			{
				"_itemTag": "Poacher Cloth (8.5%)",
				"_item": { "m_Collection": "resources.assets", "m_PathID": 82919 },
				"_dropChance": 0.085,
				"_dropQuantity": 1
			},
			{
				"_itemTag": "Leather Cap (7.2%)",
				"_item": { "m_Collection": "resources.assets", "m_PathID": 82846 },
				"_dropChance": 0.072,
				"_dropQuantity": 1
			}
		],
		"_currencyAmount": 1
	}
}