{
	"m_CorrespondingSourceObject": { "m_Collection": "resources.assets", "m_PathID": 0 },
	"m_EditorClassIdentifier": "",
	"m_EditorHideFlags": 0,
	"m_Enabled": 1,
	"m_GameObject": { "m_Collection": "resources.assets", "m_PathID": 0 },
	"m_HideFlags": 0,
	"m_Name": "lootTable_catcombsBreakbox",
	"m_PrefabAsset": { "m_Collection": "resources.assets", "m_PathID": 0 },
	"m_PrefabInstance": { "m_Collection": "resources.assets", "m_PathID": 0 },
	"m_Script": { "m_Collection": "resources.assets", "m_PathID": 321 },
	"m_Structure": {
		"_itemDrops": [
			{
				"_itemTag": "Tome of Lesser Experience (0.2%)",
				"_item": { "m_Collection": "resources.assets", "m_PathID": 83144 },
				"_dropChance": 0.002,
				"_dropQuantity": 1
			},
			{
				"_itemTag": "Tome of Experience (0.1%)",
				"_item": { "m_Collection": "resources.assets", "m_PathID": 83142 },
				"_dropChance": 0.001,
				"_dropQuantity": 1
			},
			{
				"_itemTag": "Rock (15%)",
				"_item": { "m_Collection": "resources.assets", "m_PathID": 275 },
				"_dropChance": 0.15,
				"_dropQuantity": 1
			},
			{
				"_itemTag": "Bunpot (5%)",
				"_item": { "m_Collection": "resources.assets", "m_PathID": 83126 },
				"_dropChance": 0.05,
				"_dropQuantity": 1
			},
			{
				"_itemTag": "Bunjar (2.1%)",
				"_item": { "m_Collection": "resources.assets", "m_PathID": 83125 },
				"_dropChance": 0.021,
				"_dropQuantity": 1
			},
			{
				"_itemTag": "Magileaf (4.6%)",
				"_item": { "m_Collection": "resources.assets", "m_PathID": 83130 },
				"_dropChance": 0.046,
				"_dropQuantity": 1
			},
			{
				"_itemTag": "Stamstar (0.1%)",
				"_item": { "m_Collection": "resources.assets", "m_PathID": 83133 },
				"_dropChance": 0.001,
				"_dropQuantity": 1
			},
			{
				"_itemTag": "Ghostdust (16.8%)",
				"_item": { "m_Collection": "resources.assets", "m_PathID": 83166 },
				"_dropChance": 0.168,
				"_dropQuantity": 1
			}
		],
		"_currencyAmount": 1
	}
}