{
	"m_CorrespondingSourceObject": { "m_Collection": "resources.assets", "m_PathID": 0 },
	"m_EditorClassIdentifier": "",
	"m_EditorHideFlags": 0,
	"m_Enabled": 1,
	"m_GameObject": { "m_Collection": "resources.assets", "m_PathID": 0 },
	"m_HideFlags": 0,
	"m_Name": "lootTable_catcombsChest (NORMAL)",
	"m_PrefabAsset": { "m_Collection": "resources.assets", "m_PathID": 0 },
	"m_PrefabInstance": { "m_Collection": "resources.assets", "m_PathID": 0 },
	"m_Script": { "m_Collection": "resources.assets", "m_PathID": 321 },
	"m_Structure": {
		"_itemDrops": [
			{
				"_itemTag": "Tome of Lesser Experience (2%)",
				"_item": { "m_Collection": "resources.assets", "m_PathID": 83144 },
				"_dropChance": 0.02,
				"_dropQuantity": 1
			},
			{
				"_itemTag": "Tome of Experience (1.2%)",
				"_item": { "m_Collection": "resources.assets", "m_PathID": 83142 },
				"_dropChance": 0.012,
				"_dropQuantity": 1
			},
			{
				"_itemTag": "Soul Pearl (1.6%)",
				"_item": { "m_Collection": "resources.assets", "m_PathID": 83190 },
				"_dropChance": 0.016,
				"_dropQuantity": 1
			},
			{
				"_itemTag": "Illusion Stone (1.5%)",
				"_item": { "m_Collection": "resources.assets", "m_PathID": 274 },
				"_dropChance": 0.015,
				"_dropQuantity": 1
			},
			{
				"_itemTag": "Angela\u0027s Tear (2%)",
				"_item": { "m_Collection": "resources.assets", "m_PathID": 83149 },
				"_dropChance": 0.02,
				"_dropQuantity": 1
			},
			{
				"_itemTag": "Bunjar (3.8%)",
				"_item": { "m_Collection": "resources.assets", "m_PathID": 83125 },
				"_dropChance": 0.038,
				"_dropQuantity": 1
			},
			{
				"_itemTag": "Stamstar (3.2%)",
				"_item": { "m_Collection": "resources.assets", "m_PathID": 83133 },
				"_dropChance": 0.032,
				"_dropQuantity": 1
			},
			{
				"_itemTag": "Skill Scroll (Alacrity) (1.5%)",
				"_item": { "m_Collection": "resources.assets", "m_PathID": 83104 },
				"_dropChance": 0.015,
				"_dropQuantity": 1
			},
			{
				"_itemTag": "Skill Scroll (Inner Focus) (1.5%)",
				"_item": { "m_Collection": "resources.assets", "m_PathID": 83105 },
				"_dropChance": 0.015,
				"_dropQuantity": 1
			},
			{
				"_itemTag": "Skill Scroll (Leg Up) (1.5%)",
				"_item": { "m_Collection": "resources.assets", "m_PathID": 83106 },
				"_dropChance": 0.015,
				"_dropQuantity": 1
			},
			{
				"_itemTag": "Skill Scroll (Siphon Leech) (1.5%)",
				"_item": { "m_Collection": "resources.assets", "m_PathID": 83107 },
				"_dropChance": 0.015,
				"_dropQuantity": 1
			},
			{
				"_itemTag": "Skill Scroll (Sturdy) (1.5%)",
				"_item": { "m_Collection": "resources.assets", "m_PathID": 83108 },
				"_dropChance": 0.015,
				"_dropQuantity": 1
			},
			{
				"_itemTag": "Skill Scroll (Spread Shot) (5%)",
				"_item": { "m_Collection": "resources.assets", "m_PathID": 83122 },
				"_dropChance": 0.05,
				"_dropQuantity": 1
			},
			{
				"_itemTag": "Skill Scroll (Fira) (5%)",
				"_item": { "m_Collection": "resources.assets", "m_PathID": 83118 },
				"_dropChance": 0.05,
				"_dropQuantity": 1
			},
			{
				"_itemTag": "Skill Scroll (Spire) (5%)",
				"_item": { "m_Collection": "resources.assets", "m_PathID": 83121 },
				"_dropChance": 0.05,
				"_dropQuantity": 1
			},
			{
				"_itemTag": "Vampiric Coat (2%)",
				"_item": { "m_Collection": "resources.assets", "m_PathID": 82896 },
				"_dropChance": 0.02,
				"_dropQuantity": 1
			},
			{
				"_itemTag": "Vampiric Leggings (1.2%)",
				"_item": { "m_Collection": "resources.assets", "m_PathID": 82935 },
				"_dropChance": 0.012,
				"_dropQuantity": 1
			},
			{
				"_itemTag": "Journeyman Spectacles (13.4%)",
				"_item": { "m_Collection": "resources.assets", "m_PathID": 82849 },
				"_dropChance": 0.134,
				"_dropQuantity": 1
			},
			{
				"_itemTag": "Journeyman Leggings (7.4%)",
				"_item": { "m_Collection": "resources.assets", "m_PathID": 82946 },
				"_dropChance": 0.074,
				"_dropQuantity": 1
			},
			{
				"_itemTag": "Tattered Battlerobe (6.4%)",
				"_item": { "m_Collection": "resources.assets", "m_PathID": 82924 },
				"_dropChance": 0.064,
				"_dropQuantity": 1
			},
			{
				"_itemTag": "Cryptcall Bell (10.5%)",
				"_item": { "m_Collection": "resources.assets", "m_PathID": 83092 },
				"_dropChance": 0.105,
				"_dropQuantity": 1
			},
			{
				"_itemTag": "Cryptsinge Halberd (14.2%)",
				"_item": { "m_Collection": "resources.assets", "m_PathID": 83064 },
				"_dropChance": 0.142,
				"_dropQuantity": 1
			},
			{
				"_itemTag": "Ambersquire Ring (12.5%)",
				"_item": { "m_Collection": "resources.assets", "m_PathID": 82971 },
				"_dropChance": 0.125,
				"_dropQuantity": 1
			},
			{
				"_itemTag": "Emeraldfocus Ring (8.4%)",
				"_item": { "m_Collection": "resources.assets", "m_PathID": 82972 },
				"_dropChance": 0.084,
				"_dropQuantity": 1
			},
			{
				"_itemTag": "Sapphireweave Ring (9%)",
				"_item": { "m_Collection": "resources.assets", "m_PathID": 82973 },
				"_dropChance": 0.09,
				"_dropQuantity": 1
			},
			{
				"_itemTag": "Demicrypt Blade (10.2%)",
				"_item": { "m_Collection": "resources.assets", "m_PathID": 83037 },
				"_dropChance": 0.102,
				"_dropQuantity": 1
			},
			{
				"_itemTag": "Demicrypt Buckler (9.8%)",
				"_item": { "m_Collection": "resources.assets", "m_PathID": 82955 },
				"_dropChance": 0.098,
				"_dropQuantity": 1
			},
			{
				"_itemTag": "Demicrypt Bow (5.1%)",
				"_item": { "m_Collection": "resources.assets", "m_PathID": 83018 },
				"_dropChance": 0.051,
				"_dropQuantity": 1
			},
			{
				"_itemTag": "Demicrypt Halo (6.6%)",
				"_item": { "m_Collection": "resources.assets", "m_PathID": 82866 },
				"_dropChance": 0.066,
				"_dropQuantity": 1
			},
			{
				"_itemTag": "Demicrypt Bauble (12.5%)",
				"_item": { "m_Collection": "resources.assets", "m_PathID": 83075 },
				"_dropChance": 0.125,
				"_dropQuantity": 1
			},
			{
				"_itemTag": "Iron Katars (14.7%)",
				"_item": { "m_Collection": "resources.assets", "m_PathID": 83009 },
				"_dropChance": 0.147,
				"_dropQuantity": 1
			},
			{
				"_itemTag": "Iron Axehammer (10.3%)",
				"_item": { "m_Collection": "resources.assets", "m_PathID": 83052 },
				"_dropChance": 0.103,
				"_dropQuantity": 1
			},
			{
				"_itemTag": "Iron Sword (6.3%)",
				"_item": { "m_Collection": "resources.assets", "m_PathID": 83038 },
				"_dropChance": 0.063,
				"_dropQuantity": 1
			},
			{
				"_itemTag": "Might Stone (8%)",
				"_item": { "m_Collection": "resources.assets", "m_PathID": 83174 },
				"_dropChance": 0.08,
				"_dropQuantity": 1
			},
			{
				"_itemTag": "Agility Stone (8%)",
				"_item": { "m_Collection": "resources.assets", "m_PathID": 83148 },
				"_dropChance": 0.08,
				"_dropQuantity": 1
			},
			{
				"_itemTag": "Flux Stone (8%)",
				"_item": { "m_Collection": "resources.assets", "m_PathID": 83162 },
				"_dropChance": 0.08,
				"_dropQuantity": 1
			},
			{
				"_itemTag": "Bolster Vial (3.5%)",
				"_item": { "m_Collection": "resources.assets", "m_PathID": 83135 },
				"_dropChance": 0.035,
				"_dropQuantity": 1
			},
			{
				"_itemTag": "Agility Vial (3.5%)",
				"_item": { "m_Collection": "resources.assets", "m_PathID": 83134 },
				"_dropChance": 0.035,
				"_dropQuantity": 1
			},
			{
				"_itemTag": "Wisdom Vial (3.5%)",
				"_item": { "m_Collection": "resources.assets", "m_PathID": 83137 },
				"_dropChance": 0.035,
				"_dropQuantity": 1
			},
			{
				"_itemTag": "Regen Vial (3.5%)",
				"_item": { "m_Collection": "resources.assets", "m_PathID": 83136 },
				"_dropChance": 0.035,
				"_dropQuantity": 1
			},
			{
				"_itemTag": "Nokket Cloak (9.6%)",
				"_item": { "m_Collection": "resources.assets", "m_PathID": 82883 },
				"_dropChance": 0.096,
				"_dropQuantity": 1
			}
		],
		"_currencyAmount": 2
	}
}