{
	"m_CorrespondingSourceObject": { "m_Collection": "resources.assets", "m_PathID": 0 },
	"m_EditorClassIdentifier": "",
	"m_EditorHideFlags": 0,
	"m_Enabled": 1,
	"m_GameObject": { "m_Collection": "resources.assets", "m_PathID": 0 },
	"m_HideFlags": 0,
	"m_Name": "FISHROD_woodFishRod",
	"m_PrefabAsset": { "m_Collection": "resources.assets", "m_PathID": 0 },
	"m_PrefabInstance": { "m_Collection": "resources.assets", "m_PathID": 0 },
	"m_Script": { "m_Collection": "resources.assets", "m_PathID": 1057 },
	"m_Structure": {
		"_itemType": 1,
		"_itemName": "Wooden Rod",
		"_itemIcon": { "m_Collection": "resources.assets", "m_PathID": 4667 },
		"_itemRarity": 0,
		"_itemSortTag": 14,
		"_destroyOnDrop": false,
		"_itemDescription": "A standard fishing rod.",
		"_scriptableQuest": { "m_Collection": "resources.assets", "m_PathID": 0 },
		"_questTriggerTag": "",
		"_vendorCost": 100,
		"_maxStackAmount": 1,
		"_levelRequirement": 0,
		"_baseClassRequirement": { "m_Collection": "resources.assets", "m_PathID": 0 },
		"_consumableCooldown": 1.5,
		"_useOnlyInTown": false,
		"_unperishable": true,
		"_consumableObject": { "m_Collection": "resources.assets", "m_PathID": 0 },
		"_fishingLevel": 0,
		"_settleTime": 6.15,
		"_biteChance": 0.35,
		"_getItemChance": 0.6
	}
}