{
	"m_CorrespondingSourceObject": { "m_Collection": "sharedassets0.assets", "m_PathID": 0 },
	"m_EditorClassIdentifier": "",
	"m_EditorHideFlags": 0,
	"m_Enabled": 1,
	"m_GameObject": { "m_Collection": "sharedassets0.assets", "m_PathID": 0 },
	"m_HideFlags": 0,
	"m_Name": "DYE_Blue Dye",
	"m_PrefabAsset": { "m_Collection": "sharedassets0.assets", "m_PathID": 0 },
	"m_PrefabInstance": { "m_Collection": "sharedassets0.assets", "m_PathID": 0 },
	"m_Script": { "m_Collection": "sharedassets0.assets", "m_PathID": 690 },
	"m_Structure": {
		"_itemType": 1,
		"_itemName": "Blue Dye",
		"_itemIcon": { "m_Collection": "sharedassets0.assets", "m_PathID": 112 },
		"_itemRarity": 0,
		"_itemSortTag": 1,
		"_destroyOnDrop": false,
		"_itemDescription": "A vial of blue dye.",
		"_scriptableQuest": { "m_Collection": "sharedassets0.assets", "m_PathID": 0 },
		"_questTriggerTag": "",
		"_vendorCost": 160,
		"_maxStackAmount": 1,
		"_levelRequirement": 0,
		"_baseClassRequirement": { "m_Collection": "sharedassets0.assets", "m_PathID": 0 },
		"_consumableCooldown": 1.5,
		"_useOnlyInTown": false,
		"_unperishable": false,
		"_consumableObject": { "m_Collection": "sharedassets0.assets", "m_PathID": 0 },
		"_dyeParams": {
			"_hue": 86,
			"_saturation": 2,
			"_brightness": 0.1,
			"_contrast": 1
		}
	}
}