{
	"m_CorrespondingSourceObject": { "m_Collection": "resources.assets", "m_PathID": 0 },
	"m_EditorClassIdentifier": "",
	"m_EditorHideFlags": 0,
	"m_Enabled": 1,
	"m_GameObject": { "m_Collection": "resources.assets", "m_PathID": 0 },
	"m_HideFlags": 0,
	"m_Name": "lootTable_tuulValleyChest",
	"m_PrefabAsset": { "m_Collection": "resources.assets", "m_PathID": 0 },
	"m_PrefabInstance": { "m_Collection": "resources.assets", "m_PathID": 0 },
	"m_Script": { "m_Collection": "resources.assets", "m_PathID": 321 },
	"m_Structure": {
		"_itemDrops": [
			{
				"_itemTag": "Tome of Experience (5%)",
				"_item": { "m_Collection": "resources.assets", "m_PathID": 83142 },
				"_dropChance": 0.05,
				"_dropQuantity": 1
			},
			{
				"_itemTag": "Tome of Greater Experience (2.8%)",
				"_item": { "m_Collection": "resources.assets", "m_PathID": 83143 },
				"_dropChance": 0.028,
				"_dropQuantity": 1
			},
			{
				"_itemTag": "Angela\u0027s Tear (0.7%)",
				"_item": { "m_Collection": "resources.assets", "m_PathID": 83149 },
				"_dropChance": 0.007,
				"_dropQuantity": 1
			},
			{
				"_itemTag": "Soul Pearl (2.3%)",
				"_item": { "m_Collection": "resources.assets", "m_PathID": 83190 },
				"_dropChance": 0.023,
				"_dropQuantity": 1
			},
			{
				"_itemTag": "Illusion Stone (4.3%)",
				"_item": { "m_Collection": "resources.assets", "m_PathID": 274 },
				"_dropChance": 0.043,
				"_dropQuantity": 1
			},
			{
				"_itemTag": "Might Stone (3.4%)",
				"_item": { "m_Collection": "resources.assets", "m_PathID": 83174 },
				"_dropChance": 0.034,
				"_dropQuantity": 1
			},
			{
				"_itemTag": "Agility Stone (3.4%)",
				"_item": { "m_Collection": "resources.assets", "m_PathID": 83148 },
				"_dropChance": 0.034,
				"_dropQuantity": 1
			},
			{
				"_itemTag": "Flux Stone (3.4%)",
				"_item": { "m_Collection": "resources.assets", "m_PathID": 83162 },
				"_dropChance": 0.034,
				"_dropQuantity": 1
			},
			{
				"_itemTag": "Bunjar (11.1%)",
				"_item": { "m_Collection": "resources.assets", "m_PathID": 83125 },
				"_dropChance": 0.111,
				"_dropQuantity": 1
			},
			{
				"_itemTag": "Magiclove (14.2%)",
				"_item": { "m_Collection": "resources.assets", "m_PathID": 83128 },
				"_dropChance": 0.142,
				"_dropQuantity": 1
			},
			{
				"_itemTag": "Fortified Vestment (12.2%)",
				"_item": { "m_Collection": "resources.assets", "m_PathID": 82905 },
				"_dropChance": 0.122,
				"_dropQuantity": 1
			},
			{
				"_itemTag": "Mithril Halo (7.1%)",
				"_item": { "m_Collection": "resources.assets", "m_PathID": 82859 },
				"_dropChance": 0.071,
				"_dropQuantity": 1
			},
			{
				"_itemTag": "Mithril Shield (1.4%)",
				"_item": { "m_Collection": "resources.assets", "m_PathID": 82950 },
				"_dropChance": 0.014,
				"_dropQuantity": 1
			},
			{
				"_itemTag": "Bolster Potion (3.8%)",
				"_item": { "m_Collection": "resources.assets", "m_PathID": 83139 },
				"_dropChance": 0.038,
				"_dropQuantity": 1
			},
			{
				"_itemTag": "Wisdom Potion (3.8%)",
				"_item": { "m_Collection": "resources.assets", "m_PathID": 83141 },
				"_dropChance": 0.038,
				"_dropQuantity": 1
			},
			{
				"_itemTag": "Regen Vial (1.8%)",
				"_item": { "m_Collection": "resources.assets", "m_PathID": 83136 },
				"_dropChance": 0.018,
				"_dropQuantity": 1
			}
		],
		"_currencyAmount": 3
	}
}