{
	"m_CorrespondingSourceObject": { "m_Collection": "resources.assets", "m_PathID": 0 },
	"m_EditorClassIdentifier": "",
	"m_EditorHideFlags": 0,
	"m_Enabled": 1,
	"m_GameObject": { "m_Collection": "resources.assets", "m_PathID": 0 },
	"m_HideFlags": 0,
	"m_Name": "(lv-12) WEAPON_Wizwand (Scepter, Mind)",
	"m_PrefabAsset": { "m_Collection": "resources.assets", "m_PathID": 0 },
	"m_PrefabInstance": { "m_Collection": "resources.assets", "m_PathID": 0 },
	"m_Script": { "m_Collection": "resources.assets", "m_PathID": 751 },
	"m_Structure": {
		"_itemType": 0,
		"_itemName": "Wizwand",
		"_itemIcon": { "m_Collection": "resources.assets", "m_PathID": 5786 },
		"_itemRarity": 0,
		"_itemSortTag": 0,
		"_destroyOnDrop": false,
		"_itemDescription": "Electrifying.",
		"_scriptableQuest": { "m_Collection": "resources.assets", "m_PathID": 0 },
		"_questTriggerTag": "",
		"_vendorCost": 568,
		"_maxStackAmount": 1,
		"_equipmentLevel": 12,
		"_classRequirement": { "m_Collection": "resources.assets", "m_PathID": 0 },
		"_equipType": 1,
		"_statArray": {
			"_maxHealth": 0,
			"_maxMana": 0,
			"_maxStamina": 0,
			"_experience": 0,
			"_attackPower": 0,
			"_magicPower": 5,
			"_dexPower": 0,
			"_criticalRate": 0,
			"_magicCriticalRate": 0.0082,
			"_evasion": 0,
			"_defense": 0,
			"_magicDefense": 0,
			"_fireResist": 0,
			"_waterResist": 0,
			"_natureResist": 0,
			"_earthResist": 0,
			"_holyResist": 0,
			"_shadowResist": 0
		},
		"_statModifierTable": { "m_Collection": "resources.assets", "m_PathID": 83450 },
		"_statModifierCost": {
			"_scriptItem": { "m_Collection": "resources.assets", "m_PathID": 83196 },
			"_scriptItemQuantity": 3
		},
		"weaponType": { "m_Collection": "resources.assets", "m_PathID": 83456 },
		"_combatElement": { "m_Collection": "resources.assets", "m_PathID": 267 },
		"_weaponProjectileSet": { "m_Collection": "resources.assets", "m_PathID": 83087 },
		"_weaponDamage": 13,
		"_damageBonus": 1,
		"_readonlyDamageRange": {
			"x": 13,
			"y": 17
		},
		"_weaponConditionSlot": {
			"_scriptableCondition": { "m_Collection": "resources.assets", "m_PathID": 0 },
			"_chance": 1,
			"_bonusPower": 0,
			"_bonusDuration": 0
		},
		"weaponMesh": { "m_Collection": "resources.assets", "m_PathID": 3359 },
		"weaponTexture": { "m_Collection": "resources.assets", "m_PathID": 1634 },
		"_textureColorAdjust": {
			"_hue": 1,
			"_saturation": 1,
			"_brightness": 0,
			"_contrast": 1
		},
		"trailColors": [
			{
				"r": 0,
				"g": 0.023376942,
				"b": 1,
				"a": 1
			},
			{
				"r": 0.039248828,
				"g": 0.37769488,
				"b": 0.9245283,
				"a": 1
			}
		],
		"_weaponHoldClipIndex": 0,
		"_weaponTakeOutSfxIndex": 0,
		"_weaponSwingSfxIndex": 0,
		"_setWeaponTakeOutSfx": { "m_Collection": "resources.assets", "m_PathID": 4112 },
		"_setWeaponSwingSfx": { "m_Collection": "resources.assets", "m_PathID": 4301 }
	}
}