{
	"m_CorrespondingSourceObject": { "m_Collection": "resources.assets", "m_PathID": 0 },
	"m_EditorClassIdentifier": "",
	"m_EditorHideFlags": 0,
	"m_Enabled": 1,
	"m_GameObject": { "m_Collection": "resources.assets", "m_PathID": 0 },
	"m_HideFlags": 0,
	"m_Name": "(lv-14) WEAPON_Nethercrypt Bauble (Magic Scepter)",
	"m_PrefabAsset": { "m_Collection": "resources.assets", "m_PathID": 0 },
	"m_PrefabInstance": { "m_Collection": "resources.assets", "m_PathID": 0 },
	"m_Script": { "m_Collection": "resources.assets", "m_PathID": 751 },
	"m_Structure": {
		"_itemType": 0,
		"_itemName": "Nethercrypt Bauble",
		"_itemIcon": { "m_Collection": "resources.assets", "m_PathID": 5844 },
		"_itemRarity": 0,
		"_itemSortTag": 0,
		"_destroyOnDrop": false,
		"_itemDescription": "It\u0027s hard to comprehend how terrible the malformed skull is.",
		"_scriptableQuest": { "m_Collection": "resources.assets", "m_PathID": 0 },
		"_questTriggerTag": "",
		"_vendorCost": 215,
		"_maxStackAmount": 1,
		"_equipmentLevel": 14,
		"_classRequirement": { "m_Collection": "resources.assets", "m_PathID": 0 },
		"_equipType": 1,
		"_statArray": {
			"_maxHealth": 0,
			"_maxMana": 0,
			"_maxStamina": 0,
			"_experience": 0,
			"_attackPower": 0,
			"_magicPower": 4,
			"_dexPower": 0,
			"_criticalRate": 0,
			"_magicCriticalRate": 0.007,
			"_evasion": 0,
			"_defense": 0,
			"_magicDefense": 0,
			"_fireResist": 0,
			"_waterResist": 0,
			"_natureResist": 0,
			"_earthResist": 0,
			"_holyResist": 0,
			"_shadowResist": 0
		},
		"_statModifierTable": { "m_Collection": "resources.assets", "m_PathID": 83450 },
		"_statModifierCost": {
			"_scriptItem": { "m_Collection": "resources.assets", "m_PathID": 83166 },
			"_scriptItemQuantity": 8
		},
		"weaponType": { "m_Collection": "resources.assets", "m_PathID": 83456 },
		"_combatElement": { "m_Collection": "resources.assets", "m_PathID": 82771 },
		"_weaponProjectileSet": { "m_Collection": "resources.assets", "m_PathID": 83083 },
		"_weaponDamage": 11,
		"_damageBonus": 4,
		"_readonlyDamageRange": {
			"x": 11,
			"y": 18
		},
		"_weaponConditionSlot": {
			"_scriptableCondition": { "m_Collection": "resources.assets", "m_PathID": 0 },
			"_chance": 1,
			"_bonusPower": 0,
			"_bonusDuration": 0
		},
		"weaponMesh": { "m_Collection": "resources.assets", "m_PathID": 3385 },
		"weaponTexture": { "m_Collection": "resources.assets", "m_PathID": 1960 },
		"_textureColorAdjust": {
			"_hue": 119,
			"_saturation": 2,
			"_brightness": -0.28,
			"_contrast": 2
		},
		"trailColors": [
			{
				"r": 0.44475836,
				"g": 0.11894804,
				"b": 0.764151,
				"a": 1
			},
			{
				"r": 0.67649823,
				"g": 0.10208259,
				"b": 0.6981132,
				"a": 1
			}
		],
		"_weaponHoldClipIndex": 0,
		"_weaponTakeOutSfxIndex": 0,
		"_weaponSwingSfxIndex": 0,
		"_setWeaponTakeOutSfx": { "m_Collection": "resources.assets", "m_PathID": 4112 },
		"_setWeaponSwingSfx": { "m_Collection": "resources.assets", "m_PathID": 4301 }
	}
}