{
	"m_Clips": [
		{
			"m_OriginalClip": { "m_Collection": "resources.assets", "m_PathID": 3786 },
			"m_OverrideClip": { "m_Collection": "resources.assets", "m_PathID": 3527 }
		},
		{
			"m_OriginalClip": { "m_Collection": "resources.assets", "m_PathID": 3787 },
			"m_OverrideClip": { "m_Collection": "resources.assets", "m_PathID": 3553 }
		}
	],
	"m_Controller": { "m_Collection": "resources.assets", "m_PathID": 4533 },
	"m_CorrespondingSourceObject": { "m_Collection": "resources.assets", "m_PathID": 0 },
	"m_HideFlags": 0,
	"m_Name": "_animOverride_coldgiest_bell",
	"m_PrefabAsset": { "m_Collection": "resources.assets", "m_PathID": 0 },
	"m_PrefabInstance": { "m_Collection": "resources.assets", "m_PathID": 0 }
}