{
	"m_Bounds": {
		"m_Center": {
			"m_X": 0,
			"m_Y": 0,
			"m_Z": 0
		},
		"m_Extent": {
			"m_X": 0,
			"m_Y": 0,
			"m_Z": 0
		}
	},
	"m_ClipBindingConstant": {
		"m_GenericBindings": [
			{
				"m_Attribute": 3,
				"m_ClassID": 4,
				"m_CustomType": 0,
				"m_IsIntCurve": 0,
				"m_IsPPtrCurve": 0,
				"m_IsSerializeReferenceCurve": 0,
				"m_Path": 616727315,
				"m_Script": { "m_Collection": "resources.assets", "m_PathID": 0 }
			},
			{
				"m_Attribute": 1984117138,
				"m_ClassID": 135,
				"m_CustomType": 0,
				"m_IsIntCurve": 0,
				"m_IsPPtrCurve": 0,
				"m_IsSerializeReferenceCurve": 0,
				"m_Path": 2948318897,
				"m_Script": { "m_Collection": "resources.assets", "m_PathID": 0 }
			},
			{
				"m_Attribute": 3305885265,
				"m_ClassID": 135,
				"m_CustomType": 0,
				"m_IsIntCurve": 0,
				"m_IsPPtrCurve": 0,
				"m_IsSerializeReferenceCurve": 0,
				"m_Path": 2948318897,
				"m_Script": { "m_Collection": "resources.assets", "m_PathID": 0 }
			},
			{
				"m_Attribute": 4104493590,
				"m_ClassID": 82,
				"m_CustomType": 0,
				"m_IsIntCurve": 0,
				"m_IsPPtrCurve": 0,
				"m_IsSerializeReferenceCurve": 0,
				"m_Path": 3461590228,
				"m_Script": { "m_Collection": "resources.assets", "m_PathID": 0 }
			},
			{
				"m_Attribute": 3,
				"m_ClassID": 4,
				"m_CustomType": 0,
				"m_IsIntCurve": 0,
				"m_IsPPtrCurve": 0,
				"m_IsSerializeReferenceCurve": 0,
				"m_Path": 318402460,
				"m_Script": { "m_Collection": "resources.assets", "m_PathID": 0 }
			}
		],
		"m_PptrCurveMapping": [
			
		]
	},
	"m_Compressed": false,
	"m_CompressedRotationCurves": [
		
	],
	"m_CorrespondingSourceObject": { "m_Collection": "resources.assets", "m_PathID": 0 },
	"m_EditorCurves": [
		
	],
	"m_EulerCurves": [
		
	],
	"m_EulerEditorCurves": [
		
	],
	"m_Events": [
		
	],
	"m_FloatCurves": [
		{
			"m_Attribute": "m_Radius",
			"m_ClassID": 135,
			"m_Curve": {
				"m_Curve": [
					{
						"m_InSlope": 0,
						"m_InWeight": 0.33333334,
						"m_OutSlope": -Infinity,
						"m_OutWeight": 0.33333334,
						"m_TangentMode": 1,
						"m_Time": 0,
						"m_Value": 10,
						"m_WeightedMode": 0
					},
					{
						"m_InSlope": 0,
						"m_InWeight": 0.33333334,
						"m_OutSlope": 0,
						"m_OutWeight": 0.33333334,
						"m_TangentMode": 1,
						"m_Time": 0.21666667,
						"m_Value": 10,
						"m_WeightedMode": 0
					},
					{
						"m_InSlope": -4.4703484E-06,
						"m_InWeight": 0.33333334,
						"m_OutSlope": 0,
						"m_OutWeight": 0.33333334,
						"m_TangentMode": 1,
						"m_Time": 0.6166667,
						"m_Value": 30,
						"m_WeightedMode": 0
					}
				],
				"m_PostInfinity": 2,
				"m_PreInfinity": 2,
				"m_RotationOrder": 4
			},
			"m_Flags": 0,
			"m_Path": "_combatCollider",
			"m_Script": { "m_Collection": "resources.assets", "m_PathID": 0 }
		},
		{
			"m_Attribute": "m_Enabled",
			"m_ClassID": 135,
			"m_Curve": {
				"m_Curve": [
					{
						"m_InSlope": 0,
						"m_InWeight": 0.33333334,
						"m_OutSlope": Infinity,
						"m_OutWeight": 0.33333334,
						"m_TangentMode": 1,
						"m_Time": 0,
						"m_Value": 1,
						"m_WeightedMode": 0
					},
					{
						"m_InSlope": 0,
						"m_InWeight": 0.33333334,
						"m_OutSlope": 0,
						"m_OutWeight": 0.33333334,
						"m_TangentMode": 1,
						"m_Time": 0.73333335,
						"m_Value": 0,
						"m_WeightedMode": 0
					}
				],
				"m_PostInfinity": 2,
				"m_PreInfinity": 2,
				"m_RotationOrder": 4
			},
			"m_Flags": 0,
			"m_Path": "_combatCollider",
			"m_Script": { "m_Collection": "resources.assets", "m_PathID": 0 }
		},
		{
			"m_Attribute": "m_Volume",
			"m_ClassID": 82,
			"m_Curve": {
				"m_Curve": [
					{
						"m_InSlope": 0,
						"m_InWeight": 0.33333334,
						"m_OutSlope": -Infinity,
						"m_OutWeight": 0.33333334,
						"m_TangentMode": 1,
						"m_Time": 0,
						"m_Value": 0.75,
						"m_WeightedMode": 0
					},
					{
						"m_InSlope": 0,
						"m_InWeight": 0.33333334,
						"m_OutSlope": 0,
						"m_OutWeight": 0.33333334,
						"m_TangentMode": 1,
						"m_Time": 0.8,
						"m_Value": 0.75,
						"m_WeightedMode": 0
					},
					{
						"m_InSlope": 1.405477E-06,
						"m_InWeight": 0.33333334,
						"m_OutSlope": 0,
						"m_OutWeight": 0.33333334,
						"m_TangentMode": 1,
						"m_Time": 1,
						"m_Value": 0,
						"m_WeightedMode": 0
					}
				],
				"m_PostInfinity": 2,
				"m_PreInfinity": 2,
				"m_RotationOrder": 4
			},
			"m_Flags": 0,
			"m_Path": "_aSrc_darkorbLoop",
			"m_Script": { "m_Collection": "resources.assets", "m_PathID": 0 }
		}
	],
	"m_HasGenericRootTransform": false,
	"m_HasMotionFloatCurves": false,
	"m_HideFlags": 0,
	"m_Legacy": false,
	"m_MuscleClip": {
		"m_AverageAngularSpeed": 0,
		"m_AverageSpeed3": {
			"m_X": 0,
			"m_Y": 0,
			"m_Z": 0
		},
		"m_Clip": {
			"m_Data": {
				"m_ConstantClip": {
					"m_Data": [
						1,
						1,
						1
					]
				},
				"m_DenseClip": {
					"m_BeginTime": 0,
					"m_CurveCount": 0,
					"m_FrameCount": 62,
					"m_SampleArray": [
						
					],
					"m_SampleRate": 60
				},
				"m_StreamedClip": {
					"m_CurveCount": 6,
					"m_Data": [
						4286578687,
						6,
						0,
						0,
						0,
						0,
						1094713344,
						1,
						0,
						0,
						0,
						1094713344,
						2,
						0,
						0,
						0,
						1094713344,
						3,
						0,
						0,
						0,
						1092616192,
						4,
						0,
						0,
						0,
						1065353216,
						5,
						0,
						0,
						0,
						1061158912,
						0,
						6,
						0,
						0,
						0,
						0,
						1094713344,
						1,
						0,
						0,
						0,
						1094713344,
						2,
						0,
						0,
						0,
						1094713344,
						3,
						0,
						0,
						0,
						1092616192,
						4,
						0,
						0,
						0,
						1065353216,
						5,
						0,
						0,
						0,
						1061158912,
						1046339038,
						4,
						0,
						3296782336,
						1142599680,
						0,
						1094713344,
						1,
						3296782336,
						1142599680,
						0,
						1094713344,
						2,
						3296782336,
						1142599680,
						0,
						1094713344,
						3,
						3290185728,
						1136361472,
						0,
						1092616192,
						1058921950,
						4,
						0,
						0,
						0,
						0,
						1110704128,
						1,
						0,
						0,
						0,
						1110704128,
						2,
						0,
						0,
						0,
						1110704128,
						3,
						0,
						0,
						0,
						1106247680,
						1060599671,
						3,
						0,
						1197302881,
						3323656568,
						0,
						1110704128,
						1,
						0,
						0,
						0,
						1110704128,
						2,
						1197302881,
						3323656568,
						0,
						1110704128,
						1060879292,
						1,
						4,
						0,
						0,
						0,
						0,
						1061997773,
						1,
						5,
						1127972868,
						3261136899,
						0,
						1061158912,
						1062557013,
						3,
						0,
						0,
						0,
						0,
						0,
						1,
						0,
						0,
						0,
						1110704128,
						2,
						0,
						0,
						0,
						0,
						1064234735,
						3,
						0,
						0,
						0,
						0,
						0,
						1,
						1217679554,
						3337440770,
						0,
						1110704128,
						2,
						0,
						0,
						0,
						0,
						1065353216,
						4,
						0,
						0,
						0,
						0,
						0,
						1,
						0,
						0,
						0,
						0,
						2,
						0,
						0,
						0,
						0,
						5,
						0,
						0,
						0,
						0,
						2139095040,
						0
					],
					"m_DiscreteCurveCount": 0
				}
			}
		},
		"m_CycleOffset": 0,
		"m_DeltaPose": {
			"m_DoFArray": [
				0,
				0,
				0,
				0,
				0,
				0,
				0,
				0,
				0,
				0,
				0,
				0,
				0,
				0,
				0,
				0,
				0,
				0,
				0,
				0,
				0,
				0,
				0,
				0,
				0,
				0,
				0,
				0,
				0,
				0,
				0,
				0,
				0,
				0,
				0,
				0,
				0,
				0,
				0,
				0,
				0,
				0,
				0,
				0,
				0,
				0,
				0,
				0,
				0,
				0,
				0,
				0,
				0,
				0,
				0
			],
			"m_GoalArray": [
				{
					"m_HintT": {
						"m_X": 0,
						"m_Y": 0,
						"m_Z": 0
					},
					"m_HintWeightT": 0,
					"m_WeightR": 0,
					"m_WeightT": 0,
					"m_X": {
						"m_Q": {
							"m_W": 1,
							"m_X": 0,
							"m_Y": 0,
							"m_Z": 0
						},
						"m_S3": {
							"m_X": 1,
							"m_Y": 1,
							"m_Z": 1
						},
						"m_T3": {
							"m_X": 0,
							"m_Y": 0,
							"m_Z": 0
						}
					}
				},
				{
					"m_HintT": {
						"m_X": 0,
						"m_Y": 0,
						"m_Z": 0
					},
					"m_HintWeightT": 0,
					"m_WeightR": 0,
					"m_WeightT": 0,
					"m_X": {
						"m_Q": {
							"m_W": 1,
							"m_X": 0,
							"m_Y": 0,
							"m_Z": 0
						},
						"m_S3": {
							"m_X": 1,
							"m_Y": 1,
							"m_Z": 1
						},
						"m_T3": {
							"m_X": 0,
							"m_Y": 0,
							"m_Z": 0
						}
					}
				},
				{
					"m_HintT": {
						"m_X": 0,
						"m_Y": 0,
						"m_Z": 0
					},
					"m_HintWeightT": 0,
					"m_WeightR": 0,
					"m_WeightT": 0,
					"m_X": {
						"m_Q": {
							"m_W": 1,
							"m_X": 0,
							"m_Y": 0,
							"m_Z": 0
						},
						"m_S3": {
							"m_X": 1,
							"m_Y": 1,
							"m_Z": 1
						},
						"m_T3": {
							"m_X": 0,
							"m_Y": 0,
							"m_Z": 0
						}
					}
				},
				{
					"m_HintT": {
						"m_X": 0,
						"m_Y": 0,
						"m_Z": 0
					},
					"m_HintWeightT": 0,
					"m_WeightR": 0,
					"m_WeightT": 0,
					"m_X": {
						"m_Q": {
							"m_W": 1,
							"m_X": 0,
							"m_Y": 0,
							"m_Z": 0
						},
						"m_S3": {
							"m_X": 1,
							"m_Y": 1,
							"m_Z": 1
						},
						"m_T3": {
							"m_X": 0,
							"m_Y": 0,
							"m_Z": 0
						}
					}
				}
			],
			"m_LeftHandPose": {
				"m_CloseOpen": 0,
				"m_DoFArray": [
					0,
					0,
					0,
					0,
					0,
					0,
					0,
					0,
					0,
					0,
					0,
					0,
					0,
					0,
					0,
					0,
					0,
					0,
					0,
					0
				],
				"m_Grab": 0,
				"m_GrabX": {
					"m_Q": {
						"m_W": 1,
						"m_X": 0,
						"m_Y": 0,
						"m_Z": 0
					},
					"m_S3": {
						"m_X": 1,
						"m_Y": 1,
						"m_Z": 1
					},
					"m_T3": {
						"m_X": 0,
						"m_Y": 0,
						"m_Z": 0
					}
				},
				"m_InOut": 0,
				"m_Override": 0
			},
			"m_LookAtPosition": {
				"m_X": 0,
				"m_Y": 0,
				"m_Z": 0
			},
			"m_LookAtWeight": {
				"m_W": 0,
				"m_X": 0,
				"m_Y": 0,
				"m_Z": 0
			},
			"m_RightHandPose": {
				"m_CloseOpen": 0,
				"m_DoFArray": [
					0,
					0,
					0,
					0,
					0,
					0,
					0,
					0,
					0,
					0,
					0,
					0,
					0,
					0,
					0,
					0,
					0,
					0,
					0,
					0
				],
				"m_Grab": 0,
				"m_GrabX": {
					"m_Q": {
						"m_W": 1,
						"m_X": 0,
						"m_Y": 0,
						"m_Z": 0
					},
					"m_S3": {
						"m_X": 1,
						"m_Y": 1,
						"m_Z": 1
					},
					"m_T3": {
						"m_X": 0,
						"m_Y": 0,
						"m_Z": 0
					}
				},
				"m_InOut": 0,
				"m_Override": 0
			},
			"m_RootX": {
				"m_Q": {
					"m_W": 1,
					"m_X": 0,
					"m_Y": 0,
					"m_Z": 0
				},
				"m_S3": {
					"m_X": 1,
					"m_Y": 1,
					"m_Z": 1
				},
				"m_T3": {
					"m_X": 0,
					"m_Y": 0,
					"m_Z": 0
				}
			},
			"m_TDoFArray": [
				{
					"m_X": 0,
					"m_Y": 0,
					"m_Z": 0
				},
				{
					"m_X": 0,
					"m_Y": 0,
					"m_Z": 0
				},
				{
					"m_X": 0,
					"m_Y": 0,
					"m_Z": 0
				},
				{
					"m_X": 0,
					"m_Y": 0,
					"m_Z": 0
				},
				{
					"m_X": 0,
					"m_Y": 0,
					"m_Z": 0
				},
				{
					"m_X": 0,
					"m_Y": 0,
					"m_Z": 0
				},
				{
					"m_X": 0,
					"m_Y": 0,
					"m_Z": 0
				},
				{
					"m_X": 0,
					"m_Y": 0,
					"m_Z": 0
				},
				{
					"m_X": 0,
					"m_Y": 0,
					"m_Z": 0
				},
				{
					"m_X": 0,
					"m_Y": 0,
					"m_Z": 0
				},
				{
					"m_X": 0,
					"m_Y": 0,
					"m_Z": 0
				},
				{
					"m_X": 0,
					"m_Y": 0,
					"m_Z": 0
				},
				{
					"m_X": 0,
					"m_Y": 0,
					"m_Z": 0
				},
				{
					"m_X": 0,
					"m_Y": 0,
					"m_Z": 0
				},
				{
					"m_X": 0,
					"m_Y": 0,
					"m_Z": 0
				},
				{
					"m_X": 0,
					"m_Y": 0,
					"m_Z": 0
				},
				{
					"m_X": 0,
					"m_Y": 0,
					"m_Z": 0
				},
				{
					"m_X": 0,
					"m_Y": 0,
					"m_Z": 0
				},
				{
					"m_X": 0,
					"m_Y": 0,
					"m_Z": 0
				},
				{
					"m_X": 0,
					"m_Y": 0,
					"m_Z": 0
				},
				{
					"m_X": 0,
					"m_Y": 0,
					"m_Z": 0
				}
			]
		},
		"m_HeightFromFeet": false,
		"m_IndexArray": [
			-1,
			-1,
			-1,
			-1,
			-1,
			-1,
			-1,
			-1,
			-1,
			-1,
			-1,
			-1,
			-1,
			-1,
			-1,
			-1,
			-1,
			-1,
			-1,
			-1,
			-1,
			-1,
			-1,
			-1,
			-1,
			-1,
			-1,
			-1,
			-1,
			-1,
			-1,
			-1,
			-1,
			-1,
			-1,
			-1,
			-1,
			-1,
			-1,
			-1,
			-1,
			-1,
			-1,
			-1,
			-1,
			-1,
			-1,
			-1,
			-1,
			-1,
			-1,
			-1,
			-1,
			-1,
			-1,
			-1,
			-1,
			-1,
			-1,
			-1,
			-1,
			-1,
			-1,
			-1,
			-1,
			-1,
			-1,
			-1,
			-1,
			-1,
			-1,
			-1,
			-1,
			-1,
			-1,
			-1,
			-1,
			-1,
			-1,
			-1,
			-1,
			-1,
			-1,
			-1,
			-1,
			-1,
			-1,
			-1,
			-1,
			-1,
			-1,
			-1,
			-1,
			-1,
			-1,
			-1,
			-1,
			-1,
			-1,
			-1,
			-1,
			-1,
			-1,
			-1,
			-1,
			-1,
			-1,
			-1,
			-1,
			-1,
			-1,
			-1,
			-1,
			-1,
			-1,
			-1,
			-1,
			-1,
			-1,
			-1,
			-1,
			-1,
			-1,
			-1,
			-1,
			-1,
			-1,
			-1,
			-1,
			-1,
			-1,
			-1,
			-1,
			-1,
			-1,
			-1,
			-1,
			-1,
			-1,
			-1,
			-1,
			-1,
			-1,
			-1,
			-1,
			-1,
			-1,
			-1,
			-1,
			-1,
			-1,
			-1,
			-1,
			-1,
			-1,
			-1,
			-1,
			-1,
			-1,
			-1,
			-1,
			-1,
			-1,
			-1,
			-1,
			-1,
			-1,
			-1,
			-1,
			-1,
			-1,
			-1,
			-1,
			-1,
			-1,
			-1,
			-1,
			-1,
			-1,
			-1,
			-1,
			-1,
			-1,
			-1,
			-1,
			-1,
			-1,
			-1,
			-1,
			-1,
			-1,
			-1,
			-1,
			-1,
			-1,
			-1,
			-1,
			-1,
			-1,
			-1
		],
		"m_KeepOriginalOrientation": false,
		"m_KeepOriginalPositionXZ": false,
		"m_KeepOriginalPositionY": true,
		"m_LeftFootStartX": {
			"m_Q": {
				"m_W": 1,
				"m_X": 0,
				"m_Y": 0,
				"m_Z": 0
			},
			"m_S3": {
				"m_X": 1,
				"m_Y": 1,
				"m_Z": 1
			},
			"m_T3": {
				"m_X": 0,
				"m_Y": 0,
				"m_Z": 0
			}
		},
		"m_Level": 0,
		"m_LoopBlend": false,
		"m_LoopBlendOrientation": false,
		"m_LoopBlendPositionXZ": false,
		"m_LoopBlendPositionY": false,
		"m_LoopTime": false,
		"m_Mirror": false,
		"m_OrientationOffsetY": 0,
		"m_RightFootStartX": {
			"m_Q": {
				"m_W": 1,
				"m_X": 0,
				"m_Y": 0,
				"m_Z": 0
			},
			"m_S3": {
				"m_X": 1,
				"m_Y": 1,
				"m_Z": 1
			},
			"m_T3": {
				"m_X": 0,
				"m_Y": 0,
				"m_Z": 0
			}
		},
		"m_StartAtOrigin": true,
		"m_StartTime": 0,
		"m_StartX": {
			"m_Q": {
				"m_W": 1,
				"m_X": 0,
				"m_Y": 0,
				"m_Z": 0
			},
			"m_S3": {
				"m_X": 1,
				"m_Y": 1,
				"m_Z": 1
			},
			"m_T3": {
				"m_X": 0,
				"m_Y": 0,
				"m_Z": 0
			}
		},
		"m_StopTime": 1,
		"m_StopX": {
			"m_Q": {
				"m_W": 1,
				"m_X": 0,
				"m_Y": 0,
				"m_Z": 0
			},
			"m_S3": {
				"m_X": 1,
				"m_Y": 1,
				"m_Z": 1
			},
			"m_T3": {
				"m_X": 0,
				"m_Y": 0,
				"m_Z": 0
			}
		},
		"m_ValueArrayDelta": [
			{
				"m_Start": 12,
				"m_Stop": 0
			},
			{
				"m_Start": 12,
				"m_Stop": 0
			},
			{
				"m_Start": 12,
				"m_Stop": 0
			},
			{
				"m_Start": 10,
				"m_Stop": 30
			},
			{
				"m_Start": 1,
				"m_Stop": 0
			},
			{
				"m_Start": 0.75,
				"m_Stop": 0
			},
			{
				"m_Start": 1,
				"m_Stop": 1
			},
			{
				"m_Start": 1,
				"m_Stop": 1
			},
			{
				"m_Start": 1,
				"m_Stop": 1
			}
		],
		"m_ValueArrayReferencePose": [
			
		]
	},
	"m_MuscleClipInfo": {
		"m_AdditiveReferencePoseClip": { "m_Collection": "resources.assets", "m_PathID": 0 },
		"m_AdditiveReferencePoseTime": 0,
		"m_CycleOffset": 0,
		"m_HasAdditiveReferencePose": false,
		"m_HeightFromFeet": false,
		"m_KeepOriginalOrientation": false,
		"m_KeepOriginalPositionXZ": false,
		"m_KeepOriginalPositionY": true,
		"m_Level": 0,
		"m_LoopBlend": false,
		"m_LoopBlendOrientation": false,
		"m_LoopBlendPositionXZ": false,
		"m_LoopBlendPositionY": false,
		"m_LoopTime": false,
		"m_Mirror": false,
		"m_OrientationOffsetY": 0,
		"m_StartTime": 0,
		"m_StopTime": 1
	},
	"m_MuscleClipSize": 3400,
	"m_Name": "_coldgeist_bell_idle",
	"m_PositionCurves": [
		
	],
	"m_PPtrCurves": [
		
	],
	"m_PrefabAsset": { "m_Collection": "resources.assets", "m_PathID": 0 },
	"m_PrefabInstance": { "m_Collection": "resources.assets", "m_PathID": 0 },
	"m_RotationCurves": [
		
	],
	"m_SampleRate": 60,
	"m_ScaleCurves": [
		{
			"m_Curve": {
				"m_Curve": [
					{
						"m_InSlope": {
							"m_X": 0,
							"m_Y": 0,
							"m_Z": 0
						},
						"m_InWeight": {
							"m_X": 0.33333334,
							"m_Y": 0.33333334,
							"m_Z": 0.33333334
						},
						"m_OutSlope": {
							"m_X": -Infinity,
							"m_Y": -Infinity,
							"m_Z": -Infinity
						},
						"m_OutWeight": {
							"m_X": 0.33333334,
							"m_Y": 0.33333334,
							"m_Z": 0.33333334
						},
						"m_TangentMode": 1,
						"m_Time": 0,
						"m_Value": {
							"m_X": 12,
							"m_Y": 12,
							"m_Z": 12
						},
						"m_WeightedMode": 0
					},
					{
						"m_InSlope": {
							"m_X": 0,
							"m_Y": 0,
							"m_Z": 0
						},
						"m_InWeight": {
							"m_X": 0.33333334,
							"m_Y": 0.33333334,
							"m_Z": 0.33333334
						},
						"m_OutSlope": {
							"m_X": 0,
							"m_Y": 0,
							"m_Z": 0
						},
						"m_OutWeight": {
							"m_X": 0.33333334,
							"m_Y": 0.33333334,
							"m_Z": 0.33333334
						},
						"m_TangentMode": 1,
						"m_Time": 0.21666667,
						"m_Value": {
							"m_X": 12,
							"m_Y": 12,
							"m_Z": 12
						},
						"m_WeightedMode": 0
					},
					{
						"m_InSlope": {
							"m_X": -7.376075E-06,
							"m_Y": -7.376075E-06,
							"m_Z": -7.376075E-06
						},
						"m_InWeight": {
							"m_X": 0.33333334,
							"m_Y": 0.33333334,
							"m_Z": 0.33333334
						},
						"m_OutSlope": {
							"m_X": -Infinity,
							"m_Y": -Infinity,
							"m_Z": -Infinity
						},
						"m_OutWeight": {
							"m_X": 0.33333334,
							"m_Y": 0.33333334,
							"m_Z": 0.33333334
						},
						"m_TangentMode": 1,
						"m_Time": 0.6166667,
						"m_Value": {
							"m_X": 45,
							"m_Y": 45,
							"m_Z": 45
						},
						"m_WeightedMode": 0
					},
					{
						"m_InSlope": {
							"m_X": 0,
							"m_Y": 0,
							"m_Z": 0
						},
						"m_InWeight": {
							"m_X": 0.33333334,
							"m_Y": 0.33333334,
							"m_Z": 0.33333334
						},
						"m_OutSlope": {
							"m_X": 0,
							"m_Y": -Infinity,
							"m_Z": 0
						},
						"m_OutWeight": {
							"m_X": 0.33333334,
							"m_Y": 0.33333334,
							"m_Z": 0.33333334
						},
						"m_TangentMode": 1,
						"m_Time": 0.71666664,
						"m_Value": {
							"m_X": 45,
							"m_Y": 45,
							"m_Z": 45
						},
						"m_WeightedMode": 0
					},
					{
						"m_InSlope": {
							"m_X": -4.742994E-05,
							"m_Y": 0,
							"m_Z": -4.742994E-05
						},
						"m_InWeight": {
							"m_X": 0.33333334,
							"m_Y": 0.33333334,
							"m_Z": 0.33333334
						},
						"m_OutSlope": {
							"m_X": -Infinity,
							"m_Y": -Infinity,
							"m_Z": -Infinity
						},
						"m_OutWeight": {
							"m_X": 0.33333334,
							"m_Y": 0.33333334,
							"m_Z": 0.33333334
						},
						"m_TangentMode": 1,
						"m_Time": 0.8333333,
						"m_Value": {
							"m_X": -7.251882E-06,
							"m_Y": 45,
							"m_Z": -7.251882E-06
						},
						"m_WeightedMode": 0
					},
					{
						"m_InSlope": {
							"m_X": 0,
							"m_Y": 0,
							"m_Z": 0
						},
						"m_InWeight": {
							"m_X": 0.33333334,
							"m_Y": 0.33333334,
							"m_Z": 0.33333334
						},
						"m_OutSlope": {
							"m_X": -Infinity,
							"m_Y": 0,
							"m_Z": -Infinity
						},
						"m_OutWeight": {
							"m_X": 0.33333334,
							"m_Y": 0.33333334,
							"m_Z": 0.33333334
						},
						"m_TangentMode": 1,
						"m_Time": 0.93333334,
						"m_Value": {
							"m_X": 0,
							"m_Y": 45,
							"m_Z": 0
						},
						"m_WeightedMode": 0
					},
					{
						"m_InSlope": {
							"m_X": 0,
							"m_Y": 7.110114E-05,
							"m_Z": 0
						},
						"m_InWeight": {
							"m_X": 0.33333334,
							"m_Y": 0.33333334,
							"m_Z": 0.33333334
						},
						"m_OutSlope": {
							"m_X": 0,
							"m_Y": 0,
							"m_Z": 0
						},
						"m_OutWeight": {
							"m_X": 0.33333334,
							"m_Y": 0.33333334,
							"m_Z": 0.33333334
						},
						"m_TangentMode": 1,
						"m_Time": 1,
						"m_Value": {
							"m_X": 0,
							"m_Y": 0,
							"m_Z": 0
						},
						"m_WeightedMode": 0
					}
				],
				"m_PostInfinity": 2,
				"m_PreInfinity": 2,
				"m_RotationOrder": 4
			},
			"m_Path": "_visual/_orbMesh"
		},
		{
			"m_Curve": {
				"m_Curve": [
					{
						"m_InSlope": {
							"m_X": 0,
							"m_Y": 0,
							"m_Z": 0
						},
						"m_InWeight": {
							"m_X": 0.33333334,
							"m_Y": 0.33333334,
							"m_Z": 0.33333334
						},
						"m_OutSlope": {
							"m_X": 0,
							"m_Y": 0,
							"m_Z": 0
						},
						"m_OutWeight": {
							"m_X": 0.33333334,
							"m_Y": 0.33333334,
							"m_Z": 0.33333334
						},
						"m_TangentMode": 1,
						"m_Time": 0,
						"m_Value": {
							"m_X": 1,
							"m_Y": 1,
							"m_Z": 1
						},
						"m_WeightedMode": 0
					},
					{
						"m_InSlope": {
							"m_X": 0,
							"m_Y": 0,
							"m_Z": 0
						},
						"m_InWeight": {
							"m_X": 0.33333334,
							"m_Y": 0.33333334,
							"m_Z": 0.33333334
						},
						"m_OutSlope": {
							"m_X": 0,
							"m_Y": 0,
							"m_Z": 0
						},
						"m_OutWeight": {
							"m_X": 0.33333334,
							"m_Y": 0.33333334,
							"m_Z": 0.33333334
						},
						"m_TangentMode": 1,
						"m_Time": 1,
						"m_Value": {
							"m_X": 1,
							"m_Y": 1,
							"m_Z": 1
						},
						"m_WeightedMode": 0
					}
				],
				"m_PostInfinity": 2,
				"m_PreInfinity": 2,
				"m_RotationOrder": 4
			},
			"m_Path": "_visual"
		}
	],
	"m_UseHighQualityCurve": true,
	"m_WrapMode": 0
}