{
	"m_CorrespondingSourceObject": { "m_Collection": "resources.assets", "m_PathID": 0 },
	"m_EditorClassIdentifier": "",
	"m_EditorHideFlags": 0,
	"m_Enabled": 1,
	"m_GameObject": { "m_Collection": "resources.assets", "m_PathID": 0 },
	"m_HideFlags": 0,
	"m_Name": "(lv-8) WEAPON_Vile Blade (Sword, Strength)",
	"m_PrefabAsset": { "m_Collection": "resources.assets", "m_PathID": 0 },
	"m_PrefabInstance": { "m_Collection": "resources.assets", "m_PathID": 0 },
	"m_Script": { "m_Collection": "resources.assets", "m_PathID": 751 },
	"m_Structure": {
		"_itemType": 0,
		"_itemName": "Vile Blade",
		"_itemIcon": { "m_Collection": "resources.assets", "m_PathID": 5217 },
		"_itemRarity": 1,
		"_itemSortTag": 0,
		"_destroyOnDrop": false,
		"_itemDescription": "A Rude Blade, but more... vile.",
		"_scriptableQuest": { "m_Collection": "resources.assets", "m_PathID": 0 },
		"_questTriggerTag": "",
		"_vendorCost": 215,
		"_maxStackAmount": 1,
		"_equipmentLevel": 8,
		"_classRequirement": { "m_Collection": "resources.assets", "m_PathID": 0 },
		"_equipType": 1,
		"_statArray": {
			"_maxHealth": 0,
			"_maxMana": 0,
			"_maxStamina": 0,
			"_experience": 0,
			"_attackPower": 4,
			"_magicPower": 0,
			"_dexPower": 3,
			"_criticalRate": 0,
			"_magicCriticalRate": 0,
			"_evasion": 0,
			"_defense": 0,
			"_magicDefense": 0,
			"_fireResist": 0,
			"_waterResist": 0,
			"_natureResist": 0,
			"_earthResist": 0,
			"_holyResist": 0,
			"_shadowResist": 0
		},
		"_statModifierTable": { "m_Collection": "resources.assets", "m_PathID": 83450 },
		"_statModifierCost": {
			"_scriptItem": { "m_Collection": "resources.assets", "m_PathID": 83177 },
			"_scriptItemQuantity": 5
		},
		"weaponType": { "m_Collection": "resources.assets", "m_PathID": 83453 },
		"_combatElement": { "m_Collection": "resources.assets", "m_PathID": 0 },
		"_weaponProjectileSet": { "m_Collection": "resources.assets", "m_PathID": 0 },
		"_weaponDamage": 14,
		"_damageBonus": 3,
		"_readonlyDamageRange": {
			"x": 14,
			"y": 20
		},
		"_weaponConditionSlot": {
			"_scriptableCondition": { "m_Collection": "resources.assets", "m_PathID": 82781 },
			"_chance": 0.12,
			"_bonusPower": 5,
			"_bonusDuration": 2
		},
		"weaponMesh": { "m_Collection": "resources.assets", "m_PathID": 3371 },
		"weaponTexture": { "m_Collection": "resources.assets", "m_PathID": 673 },
		"_textureColorAdjust": {
			"_hue": 1,
			"_saturation": 1,
			"_brightness": -0.08,
			"_contrast": 1.48
		},
		"trailColors": [
			{
				"r": 1,
				"g": 0.2688679,
				"b": 0.8650317,
				"a": 1
			},
			{
				"r": 0.42646214,
				"g": 0.002625496,
				"b": 0.5566038,
				"a": 0.34901962
			}
		],
		"_weaponHoldClipIndex": 0,
		"_weaponTakeOutSfxIndex": 0,
		"_weaponSwingSfxIndex": 0,
		"_setWeaponTakeOutSfx": { "m_Collection": "resources.assets", "m_PathID": 4156 },
		"_setWeaponSwingSfx": { "m_Collection": "resources.assets", "m_PathID": 4507 }
	}
}