{
	"m_CorrespondingSourceObject": { "m_Collection": "resources.assets", "m_PathID": 0 },
	"m_EditorClassIdentifier": "",
	"m_EditorHideFlags": 0,
	"m_Enabled": 1,
	"m_GameObject": { "m_Collection": "resources.assets", "m_PathID": 0 },
	"m_HideFlags": 0,
	"m_Name": "(lv-22) WEAPON_Deathknight Runeblade (Great Weapon, Strength)",
	"m_PrefabAsset": { "m_Collection": "resources.assets", "m_PathID": 0 },
	"m_PrefabInstance": { "m_Collection": "resources.assets", "m_PathID": 0 },
	"m_Script": { "m_Collection": "resources.assets", "m_PathID": 751 },
	"m_Structure": {
		"_itemType": 0,
		"_itemName": "Deathknight Runeblade",
		"_itemIcon": { "m_Collection": "resources.assets", "m_PathID": 5975 },
		"_itemRarity": 1,
		"_itemSortTag": 0,
		"_destroyOnDrop": false,
		"_itemDescription": "Do not listen to what this blade tells you.",
		"_scriptableQuest": { "m_Collection": "resources.assets", "m_PathID": 0 },
		"_questTriggerTag": "",
		"_vendorCost": 985,
		"_maxStackAmount": 1,
		"_equipmentLevel": 22,
		"_classRequirement": { "m_Collection": "resources.assets", "m_PathID": 0 },
		"_equipType": 1,
		"_statArray": {
			"_maxHealth": 0,
			"_maxMana": 0,
			"_maxStamina": 0,
			"_experience": 0,
			"_attackPower": 8,
			"_magicPower": 3,
			"_dexPower": 0,
			"_criticalRate": 0,
			"_magicCriticalRate": 0,
			"_evasion": 0,
			"_defense": 0,
			"_magicDefense": 0,
			"_fireResist": 0,
			"_waterResist": 0,
			"_natureResist": 0,
			"_earthResist": 0,
			"_holyResist": 0,
			"_shadowResist": 0
		},
		"_statModifierTable": { "m_Collection": "resources.assets", "m_PathID": 83450 },
		"_statModifierCost": {
			"_scriptItem": { "m_Collection": "resources.assets", "m_PathID": 0 },
			"_scriptItemQuantity": 0
		},
		"weaponType": { "m_Collection": "resources.assets", "m_PathID": 83454 },
		"_combatElement": { "m_Collection": "resources.assets", "m_PathID": 82771 },
		"_weaponProjectileSet": { "m_Collection": "resources.assets", "m_PathID": 0 },
		"_weaponDamage": 40,
		"_damageBonus": 9,
		"_readonlyDamageRange": {
			"x": 40,
			"y": 52
		},
		"_weaponConditionSlot": {
			"_scriptableCondition": { "m_Collection": "resources.assets", "m_PathID": 0 },
			"_chance": 1,
			"_bonusPower": 0,
			"_bonusDuration": 0
		},
		"weaponMesh": { "m_Collection": "resources.assets", "m_PathID": 2702 },
		"weaponTexture": { "m_Collection": "resources.assets", "m_PathID": 2021 },
		"_textureColorAdjust": {
			"_hue": 0,
			"_saturation": 1.61,
			"_brightness": -0.09,
			"_contrast": 1.1
		},
		"trailColors": [
			{
				"r": 0.36637864,
				"g": 0.017755438,
				"b": 0.5377358,
				"a": 0.7882353
			},
			{
				"r": 0.55025333,
				"g": 0.078097194,
				"b": 0.6132076,
				"a": 1
			}
		],
		"_weaponHoldClipIndex": 1,
		"_weaponTakeOutSfxIndex": 1,
		"_weaponSwingSfxIndex": 0,
		"_setWeaponTakeOutSfx": { "m_Collection": "resources.assets", "m_PathID": 4470 },
		"_setWeaponSwingSfx": { "m_Collection": "resources.assets", "m_PathID": 94 }
	}
}