{
	"m_CorrespondingSourceObject": { "m_Collection": "resources.assets", "m_PathID": 0 },
	"m_EditorClassIdentifier": "",
	"m_EditorHideFlags": 0,
	"m_Enabled": 1,
	"m_GameObject": { "m_Collection": "resources.assets", "m_PathID": 0 },
	"m_HideFlags": 0,
	"m_Name": "(lv-16) WEAPON_Coldgeist Punisher (Great Weapon, Strength)",
	"m_PrefabAsset": { "m_Collection": "resources.assets", "m_PathID": 0 },
	"m_PrefabInstance": { "m_Collection": "resources.assets", "m_PathID": 0 },
	"m_Script": { "m_Collection": "resources.assets", "m_PathID": 751 },
	"m_Structure": {
		"_itemType": 0,
		"_itemName": "Coldgeist Punisher",
		"_itemIcon": { "m_Collection": "resources.assets", "m_PathID": 4746 },
		"_itemRarity": 1,
		"_itemSortTag": 0,
		"_destroyOnDrop": false,
		"_itemDescription": "The blade of the axe is forever frigid.",
		"_scriptableQuest": { "m_Collection": "resources.assets", "m_PathID": 0 },
		"_questTriggerTag": "",
		"_vendorCost": 900,
		"_maxStackAmount": 1,
		"_equipmentLevel": 16,
		"_classRequirement": { "m_Collection": "resources.assets", "m_PathID": 0 },
		"_equipType": 1,
		"_statArray": {
			"_maxHealth": 0,
			"_maxMana": 0,
			"_maxStamina": 5,
			"_experience": 0,
			"_attackPower": 8,
			"_magicPower": 0,
			"_dexPower": 0,
			"_criticalRate": 0,
			"_magicCriticalRate": 0,
			"_evasion": 0,
			"_defense": 0,
			"_magicDefense": 0,
			"_fireResist": 0,
			"_waterResist": 0,
			"_natureResist": 0,
			"_earthResist": 0,
			"_holyResist": 0,
			"_shadowResist": 0
		},
		"_statModifierTable": { "m_Collection": "resources.assets", "m_PathID": 83450 },
		"_statModifierCost": {
			"_scriptItem": { "m_Collection": "resources.assets", "m_PathID": 83190 },
			"_scriptItemQuantity": 1
		},
		"weaponType": { "m_Collection": "resources.assets", "m_PathID": 83454 },
		"_combatElement": { "m_Collection": "resources.assets", "m_PathID": 82767 },
		"_weaponProjectileSet": { "m_Collection": "resources.assets", "m_PathID": 0 },
		"_weaponDamage": 36,
		"_damageBonus": 6,
		"_readonlyDamageRange": {
			"x": 36,
			"y": 45
		},
		"_weaponConditionSlot": {
			"_scriptableCondition": { "m_Collection": "resources.assets", "m_PathID": 82780 },
			"_chance": 0.1,
			"_bonusPower": 7,
			"_bonusDuration": 0
		},
		"weaponMesh": { "m_Collection": "resources.assets", "m_PathID": 2924 },
		"weaponTexture": { "m_Collection": "resources.assets", "m_PathID": 2212 },
		"_textureColorAdjust": {
			"_hue": -27,
			"_saturation": 2,
			"_brightness": 0,
			"_contrast": 1
		},
		"trailColors": [
			{
				"r": 0,
				"g": 0.6441131,
				"b": 0.9528302,
				"a": 1
			},
			{
				"r": 0.15686274,
				"g": 0.42945898,
				"b": 1,
				"a": 1
			}
		],
		"_weaponHoldClipIndex": 1,
		"_weaponTakeOutSfxIndex": 1,
		"_weaponSwingSfxIndex": 0,
		"_setWeaponTakeOutSfx": { "m_Collection": "resources.assets", "m_PathID": 4470 },
		"_setWeaponSwingSfx": { "m_Collection": "resources.assets", "m_PathID": 94 }
	}
}