{
	"m_CorrespondingSourceObject": { "m_Collection": "resources.assets", "m_PathID": 0 },
	"m_EditorClassIdentifier": "",
	"m_EditorHideFlags": 0,
	"m_Enabled": 1,
	"m_GameObject": { "m_Collection": "resources.assets", "m_PathID": 0 },
	"m_HideFlags": 0,
	"m_Name": "(lv-18) WEAPON_Quake Pummeler (Hammer, Strength)",
	"m_PrefabAsset": { "m_Collection": "resources.assets", "m_PathID": 0 },
	"m_PrefabInstance": { "m_Collection": "resources.assets", "m_PathID": 0 },
	"m_Script": { "m_Collection": "resources.assets", "m_PathID": 751 },
	"m_Structure": {
		"_itemType": 0,
		"_itemName": "Quake Pummeler",
		"_itemIcon": { "m_Collection": "resources.assets", "m_PathID": 6077 },
		"_itemRarity": 1,
		"_itemSortTag": 0,
		"_destroyOnDrop": false,
		"_itemDescription": "Smash them all into oblivion.",
		"_scriptableQuest": { "m_Collection": "resources.assets", "m_PathID": 0 },
		"_questTriggerTag": "",
		"_vendorCost": 1895,
		"_maxStackAmount": 1,
		"_equipmentLevel": 18,
		"_classRequirement": { "m_Collection": "resources.assets", "m_PathID": 0 },
		"_equipType": 1,
		"_statArray": {
			"_maxHealth": 0,
			"_maxMana": 0,
			"_maxStamina": 8,
			"_experience": 0,
			"_attackPower": 12,
			"_magicPower": 0,
			"_dexPower": 0,
			"_criticalRate": 0,
			"_magicCriticalRate": 0,
			"_evasion": 0,
			"_defense": 0,
			"_magicDefense": 0,
			"_fireResist": 0,
			"_waterResist": 0,
			"_natureResist": 0,
			"_earthResist": 0,
			"_holyResist": 0,
			"_shadowResist": 0
		},
		"_statModifierTable": { "m_Collection": "resources.assets", "m_PathID": 83450 },
		"_statModifierCost": {
			"_scriptItem": { "m_Collection": "resources.assets", "m_PathID": 83190 },
			"_scriptItemQuantity": 1
		},
		"weaponType": { "m_Collection": "resources.assets", "m_PathID": 83454 },
		"_combatElement": { "m_Collection": "resources.assets", "m_PathID": 82769 },
		"_weaponProjectileSet": { "m_Collection": "resources.assets", "m_PathID": 0 },
		"_weaponDamage": 42,
		"_damageBonus": 15,
		"_readonlyDamageRange": {
			"x": 42,
			"y": 60
		},
		"_weaponConditionSlot": {
			"_scriptableCondition": { "m_Collection": "resources.assets", "m_PathID": 82778 },
			"_chance": 0.12,
			"_bonusPower": 0,
			"_bonusDuration": 7
		},
		"weaponMesh": { "m_Collection": "resources.assets", "m_PathID": 3312 },
		"weaponTexture": { "m_Collection": "resources.assets", "m_PathID": 1523 },
		"_textureColorAdjust": {
			"_hue": 1,
			"_saturation": 1.28,
			"_brightness": 0.1,
			"_contrast": 1.24
		},
		"trailColors": [
			{
				"r": 0.9529412,
				"g": 0.24526273,
				"b": 0,
				"a": 1
			},
			{
				"r": 1,
				"g": 0.39113045,
				"b": 0.15686274,
				"a": 1
			}
		],
		"_weaponHoldClipIndex": 0,
		"_weaponTakeOutSfxIndex": 0,
		"_weaponSwingSfxIndex": 0,
		"_setWeaponTakeOutSfx": { "m_Collection": "resources.assets", "m_PathID": 4086 },
		"_setWeaponSwingSfx": { "m_Collection": "resources.assets", "m_PathID": 94 }
	}
}