{
	"m_CorrespondingSourceObject": { "m_Collection": "resources.assets", "m_PathID": 0 },
	"m_EditorClassIdentifier": "",
	"m_EditorHideFlags": 0,
	"m_Enabled": 1,
	"m_GameObject": { "m_Collection": "resources.assets", "m_PathID": 0 },
	"m_HideFlags": 0,
	"m_Name": "(lv-4) LEGGINGS_Slimek Leggings",
	"m_PrefabAsset": { "m_Collection": "resources.assets", "m_PathID": 0 },
	"m_PrefabInstance": { "m_Collection": "resources.assets", "m_PathID": 0 },
	"m_Script": { "m_Collection": "resources.assets", "m_PathID": 492 },
	"m_Structure": {
		"_itemType": 0,
		"_itemName": "Slimek Leggings",
		"_itemIcon": { "m_Collection": "resources.assets", "m_PathID": 5132 },
		"_itemRarity": 0,
		"_itemSortTag": 0,
		"_destroyOnDrop": false,
		"_itemDescription": "Drenched in Slimek slime.",
		"_scriptableQuest": { "m_Collection": "resources.assets", "m_PathID": 0 },
		"_questTriggerTag": "",
		"_vendorCost": 45,
		"_maxStackAmount": 1,
		"_equipmentLevel": 4,
		"_classRequirement": { "m_Collection": "resources.assets", "m_PathID": 0 },
		"_equipType": 0,
		"_statArray": {
			"_maxHealth": 0,
			"_maxMana": 0,
			"_maxStamina": 0,
			"_experience": 0,
			"_attackPower": 0,
			"_magicPower": 0,
			"_dexPower": 0,
			"_criticalRate": 0,
			"_magicCriticalRate": 0,
			"_evasion": 0,
			"_defense": 5,
			"_magicDefense": 0,
			"_fireResist": 0,
			"_waterResist": 0,
			"_natureResist": 0,
			"_earthResist": 0,
			"_holyResist": 0,
			"_shadowResist": 0
		},
		"_statModifierTable": { "m_Collection": "resources.assets", "m_PathID": 83448 },
		"_statModifierCost": {
			"_scriptItem": { "m_Collection": "resources.assets", "m_PathID": 83187 },
			"_scriptItemQuantity": 5
		},
		"_conditionResistances": [
			
		],
		"_armorTexture": { "m_Collection": "resources.assets", "m_PathID": 1257 },
		"_colorAdjustParams": {
			"_hue": 0,
			"_saturation": 1.54,
			"_brightness": 0,
			"_contrast": 1.35
		},
		"_canDyeArmor": false,
		"_legPieceRender_01": { "m_Collection": "resources.assets", "m_PathID": 82810 },
		"_legPieceTexture_01": { "m_Collection": "resources.assets", "m_PathID": 2122 },
		"_legPieceRender_02": { "m_Collection": "resources.assets", "m_PathID": 82825 },
		"_legPieceTexture_02": { "m_Collection": "resources.assets", "m_PathID": 1257 },
		"_legPieceRender_03": { "m_Collection": "resources.assets", "m_PathID": 0 },
		"_legPieceTexture_03": { "m_Collection": "resources.assets", "m_PathID": 1257 },
		"_legPieceRender_04": { "m_Collection": "resources.assets", "m_PathID": 0 },
		"_legPieceTexture_04": { "m_Collection": "resources.assets", "m_PathID": 1257 },
		"_textureUpperLegOnly": false,
		"_textureFeet": false
	}
}