{
	"m_CorrespondingSourceObject": { "m_Collection": "resources.assets", "m_PathID": 0 },
	"m_EditorClassIdentifier": "",
	"m_EditorHideFlags": 0,
	"m_Enabled": 1,
	"m_GameObject": { "m_Collection": "resources.assets", "m_PathID": 0 },
	"m_HideFlags": 0,
	"m_Name": "(lv-12) CHESTPIECE_Reapsow Garb",
	"m_PrefabAsset": { "m_Collection": "resources.assets", "m_PathID": 0 },
	"m_PrefabInstance": { "m_Collection": "resources.assets", "m_PathID": 0 },
	"m_Script": { "m_Collection": "resources.assets", "m_PathID": 342 },
	"m_Structure": {
		"_itemType": 0,
		"_itemName": "Reapsow Garb",
		"_itemIcon": { "m_Collection": "resources.assets", "m_PathID": 5120 },
		"_itemRarity": 1,
		"_itemSortTag": 0,
		"_destroyOnDrop": false,
		"_itemDescription": "Fear the hidden.",
		"_scriptableQuest": { "m_Collection": "resources.assets", "m_PathID": 0 },
		"_questTriggerTag": "",
		"_vendorCost": 680,
		"_maxStackAmount": 1,
		"_equipmentLevel": 12,
		"_classRequirement": { "m_Collection": "resources.assets", "m_PathID": 82765 },
		"_equipType": 0,
		"_statArray": {
			"_maxHealth": 0,
			"_maxMana": 0,
			"_maxStamina": 0,
			"_experience": 0,
			"_attackPower": 0,
			"_magicPower": 0,
			"_dexPower": 5,
			"_criticalRate": 0.0032,
			"_magicCriticalRate": 0,
			"_evasion": 0.006,
			"_defense": 7,
			"_magicDefense": 3,
			"_fireResist": 0,
			"_waterResist": 0,
			"_natureResist": 0,
			"_earthResist": 0,
			"_holyResist": 0,
			"_shadowResist": 0
		},
		"_statModifierTable": { "m_Collection": "resources.assets", "m_PathID": 83448 },
		"_statModifierCost": {
			"_scriptItem": { "m_Collection": "resources.assets", "m_PathID": 83164 },
			"_scriptItemQuantity": 1
		},
		"_conditionResistances": [
			
		],
		"_armorTexture": { "m_Collection": "resources.assets", "m_PathID": 1614 },
		"_colorAdjustParams": {
			"_hue": -75,
			"_saturation": 0.99,
			"_brightness": -0.12,
			"_contrast": 0.92
		},
		"_canDyeArmor": false,
		"_legOverlayTexture": { "m_Collection": "resources.assets", "m_PathID": 1024 },
		"_boobOverrideTexture": { "m_Collection": "resources.assets", "m_PathID": 0 },
		"_lockBoobs": false,
		"_disableJiggleBoobBones": false,
		"_neckCollarMesh": { "m_Collection": "resources.assets", "m_PathID": 0 },
		"_neckCollarTexture": { "m_Collection": "resources.assets", "m_PathID": 0 },
		"_chestRenderDisplay": { "m_Collection": "resources.assets", "m_PathID": 0 },
		"_chestRenderTexture": { "m_Collection": "resources.assets", "m_PathID": 0 },
		"_chestRenderBoobTexture": { "m_Collection": "resources.assets", "m_PathID": 0 },
		"_robeSkirtRender": { "m_Collection": "resources.assets", "m_PathID": 0 },
		"_robeSkirtTexture": { "m_Collection": "resources.assets", "m_PathID": 0 },
		"_hipMeshDisplay": { "m_Collection": "resources.assets", "m_PathID": 0 },
		"_hipMeshTexture": { "m_Collection": "resources.assets", "m_PathID": 0 },
		"_armCuffRender": { "m_Collection": "resources.assets", "m_PathID": 82808 },
		"_textureArms": true,
		"_shoulderPadDisplayType": 1,
		"_shoulderpadMesh": { "m_Collection": "resources.assets", "m_PathID": 2521 },
		"_shoulderpadTexture": { "m_Collection": "resources.assets", "m_PathID": 2065 }
	}
}