{
	"m_CorrespondingSourceObject": { "m_Collection": "resources.assets", "m_PathID": 0 },
	"m_EditorClassIdentifier": "",
	"m_EditorHideFlags": 0,
	"m_Enabled": 1,
	"m_GameObject": { "m_Collection": "resources.assets", "m_PathID": 0 },
	"m_HideFlags": 0,
	"m_Name": "(lv-10) STATUSCONSUMABLE_Regen Potion",
	"m_PrefabAsset": { "m_Collection": "resources.assets", "m_PathID": 0 },
	"m_PrefabInstance": { "m_Collection": "resources.assets", "m_PathID": 0 },
	"m_Script": { "m_Collection": "resources.assets", "m_PathID": 615 },
	"m_Structure": {
		"_itemType": 1,
		"_itemName": "Regen Potion",
		"_itemIcon": { "m_Collection": "resources.assets", "m_PathID": 5477 },
		"_itemRarity": 0,
		"_itemSortTag": 6,
		"_destroyOnDrop": false,
		"_itemDescription": "Rejuvinating.",
		"_scriptableQuest": { "m_Collection": "resources.assets", "m_PathID": 0 },
		"_questTriggerTag": "",
		"_vendorCost": 280,
		"_maxStackAmount": 99,
		"_levelRequirement": 10,
		"_baseClassRequirement": { "m_Collection": "resources.assets", "m_PathID": 0 },
		"_consumableCooldown": 60,
		"_useOnlyInTown": false,
		"_unperishable": false,
		"_consumableObject": { "m_Collection": "resources.assets", "m_PathID": 24007 },
		"_healthApply": 0,
		"_manaApply": 0,
		"_staminaApply": 0,
		"_expGain": 0,
		"_resetSkillPoints": false,
		"_resetAttributePoints": false,
		"_consumableCondition": {
			"_scriptableCondition": { "m_Collection": "resources.assets", "m_PathID": 82775 },
			"_chance": 1,
			"_bonusPower": 5,
			"_bonusDuration": 65
		}
	}
}