{
	"m_CorrespondingSourceObject": { "m_Collection": "resources.assets", "m_PathID": 0 },
	"m_EditorClassIdentifier": "",
	"m_EditorHideFlags": 0,
	"m_Enabled": 1,
	"m_GameObject": { "m_Collection": "resources.assets", "m_PathID": 0 },
	"m_HideFlags": 0,
	"m_Name": "(lv-0) STATUSCONSUMABLE_Regen Vial",
	"m_PrefabAsset": { "m_Collection": "resources.assets", "m_PathID": 0 },
	"m_PrefabInstance": { "m_Collection": "resources.assets", "m_PathID": 0 },
	"m_Script": { "m_Collection": "resources.assets", "m_PathID": 615 },
	"m_Structure": {
		"_itemType": 1,
		"_itemName": "Regen Vial",
		"_itemIcon": { "m_Collection": "resources.assets", "m_PathID": 5174 },
		"_itemRarity": 0,
		"_itemSortTag": 6,
		"_destroyOnDrop": false,
		"_itemDescription": "Just enough to feel your wounds slowly heal.",
		"_scriptableQuest": { "m_Collection": "resources.assets", "m_PathID": 0 },
		"_questTriggerTag": "",
		"_vendorCost": 120,
		"_maxStackAmount": 99,
		"_levelRequirement": 0,
		"_baseClassRequirement": { "m_Collection": "resources.assets", "m_PathID": 0 },
		"_consumableCooldown": 60,
		"_useOnlyInTown": false,
		"_unperishable": false,
		"_consumableObject": { "m_Collection": "resources.assets", "m_PathID": 24007 },
		"_healthApply": 0,
		"_manaApply": 0,
		"_staminaApply": 0,
		"_expGain": 0,
		"_resetSkillPoints": false,
		"_resetAttributePoints": false,
		"_consumableCondition": {
			"_scriptableCondition": { "m_Collection": "resources.assets", "m_PathID": 82775 },
			"_chance": 1,
			"_bonusPower": 0,
			"_bonusDuration": 65
		}
	}
}