{
	"m_CorrespondingSourceObject": { "m_Collection": "resources.assets", "m_PathID": 0 },
	"m_EditorClassIdentifier": "",
	"m_EditorHideFlags": 0,
	"m_Enabled": 1,
	"m_GameObject": { "m_Collection": "resources.assets", "m_PathID": 0 },
	"m_HideFlags": 0,
	"m_Name": "(lv-10) CLASSTOME_Tome of the Fighter",
	"m_PrefabAsset": { "m_Collection": "resources.assets", "m_PathID": 0 },
	"m_PrefabInstance": { "m_Collection": "resources.assets", "m_PathID": 0 },
	"m_Script": { "m_Collection": "resources.assets", "m_PathID": 759 },
	"m_Structure": {
		"_itemType": 1,
		"_itemName": "Tome of the Fighter",
		"_itemIcon": { "m_Collection": "resources.assets", "m_PathID": 4937 },
		"_itemRarity": 0,
		"_itemSortTag": 1,
		"_destroyOnDrop": true,
		"_itemDescription": "\u003ccolor=lime\u003eCan only be used in a Safe Zone.\u003c/color\u003e\n\nReading this tome teaches you to be the \u003ccolor=red\u003efierce Fighter class.\u003c/color\u003e Additionally resets and reimburses your Skill Points. Not reversible.",
		"_scriptableQuest": { "m_Collection": "resources.assets", "m_PathID": 83272 },
		"_questTriggerTag": "getFighterClass",
		"_vendorCost": 0,
		"_maxStackAmount": 1,
		"_levelRequirement": 10,
		"_baseClassRequirement": { "m_Collection": "resources.assets", "m_PathID": 0 },
		"_consumableCooldown": 1.5,
		"_useOnlyInTown": true,
		"_unperishable": false,
		"_consumableObject": { "m_Collection": "resources.assets", "m_PathID": 11287 },
		"_scriptableClass": { "m_Collection": "resources.assets", "m_PathID": 82763 },
		"_classTierIndex": 0
	}
}