{
	"m_CorrespondingSourceObject": { "m_Collection": "resources.assets", "m_PathID": 0 },
	"m_EditorClassIdentifier": "",
	"m_EditorHideFlags": 0,
	"m_Enabled": 1,
	"m_GameObject": { "m_Collection": "resources.assets", "m_PathID": 0 },
	"m_HideFlags": 0,
	"m_Name": "(lv-28) CLASSTOME_Tome of the Paladin",
	"m_PrefabAsset": { "m_Collection": "resources.assets", "m_PathID": 0 },
	"m_PrefabInstance": { "m_Collection": "resources.assets", "m_PathID": 0 },
	"m_Script": { "m_Collection": "resources.assets", "m_PathID": 759 },
	"m_Structure": {
		"_itemType": 1,
		"_itemName": "Tome of the Paladin",
		"_itemIcon": { "m_Collection": "resources.assets", "m_PathID": 6039 },
		"_itemRarity": 0,
		"_itemSortTag": 1,
		"_destroyOnDrop": true,
		"_itemDescription": "\u003ccolor=lime\u003eCan only be used in a Safe Zone.\u003c/color\u003e\n\nRequires lv. 28 Fighter\n==Work In Progress.==",
		"_scriptableQuest": { "m_Collection": "resources.assets", "m_PathID": 0 },
		"_questTriggerTag": "",
		"_vendorCost": 0,
		"_maxStackAmount": 1,
		"_levelRequirement": 28,
		"_baseClassRequirement": { "m_Collection": "resources.assets", "m_PathID": 0 },
		"_consumableCooldown": 1.5,
		"_useOnlyInTown": true,
		"_unperishable": false,
		"_consumableObject": { "m_Collection": "resources.assets", "m_PathID": 11286 },
		"_scriptableClass": { "m_Collection": "resources.assets", "m_PathID": 82763 },
		"_classTierIndex": 2
	}
}