{
	"m_CorrespondingSourceObject": { "m_Collection": "resources.assets", "m_PathID": 0 },
	"m_EditorClassIdentifier": "",
	"m_EditorHideFlags": 0,
	"m_Enabled": 1,
	"m_GameObject": { "m_Collection": "resources.assets", "m_PathID": 0 },
	"m_HideFlags": 0,
	"m_Name": "(lv-4) SKILLSCROLL_Skill Scroll (Crya)",
	"m_PrefabAsset": { "m_Collection": "resources.assets", "m_PathID": 0 },
	"m_PrefabInstance": { "m_Collection": "resources.assets", "m_PathID": 0 },
	"m_Script": { "m_Collection": "resources.assets", "m_PathID": 176 },
	"m_Structure": {
		"_itemType": 1,
		"_itemName": "Skill Scroll (Crya)",
		"_itemIcon": { "m_Collection": "resources.assets", "m_PathID": 6033 },
		"_itemRarity": 0,
		"_itemSortTag": 8,
		"_destroyOnDrop": true,
		"_itemDescription": "Teaches the user Crya, applying it to the general skillbook.",
		"_scriptableQuest": { "m_Collection": "resources.assets", "m_PathID": 83262 },
		"_questTriggerTag": "useScroll",
		"_vendorCost": 0,
		"_maxStackAmount": 1,
		"_levelRequirement": 4,
		"_baseClassRequirement": { "m_Collection": "resources.assets", "m_PathID": 0 },
		"_consumableCooldown": 1.5,
		"_useOnlyInTown": false,
		"_unperishable": false,
		"_consumableObject": { "m_Collection": "resources.assets", "m_PathID": 24002 },
		"_scriptableSkill": { "m_Collection": "resources.assets", "m_PathID": 83350 }
	}
}