{
	"m_CorrespondingSourceObject": { "m_Collection": "resources.assets", "m_PathID": 0 },
	"m_EditorClassIdentifier": "",
	"m_EditorHideFlags": 0,
	"m_Enabled": 1,
	"m_GameObject": { "m_Collection": "resources.assets", "m_PathID": 0 },
	"m_HideFlags": 0,
	"m_Name": "(lv-16) WEAPON_Serrated Spear (Polearm, Strength)",
	"m_PrefabAsset": { "m_Collection": "resources.assets", "m_PathID": 0 },
	"m_PrefabInstance": { "m_Collection": "resources.assets", "m_PathID": 0 },
	"m_Script": { "m_Collection": "resources.assets", "m_PathID": 751 },
	"m_Structure": {
		"_itemType": 0,
		"_itemName": "Serrated Spear",
		"_itemIcon": { "m_Collection": "resources.assets", "m_PathID": 6045 },
		"_itemRarity": 0,
		"_itemSortTag": 0,
		"_destroyOnDrop": false,
		"_itemDescription": "",
		"_scriptableQuest": { "m_Collection": "resources.assets", "m_PathID": 0 },
		"_questTriggerTag": "",
		"_vendorCost": 985,
		"_maxStackAmount": 1,
		"_equipmentLevel": 16,
		"_classRequirement": { "m_Collection": "resources.assets", "m_PathID": 0 },
		"_equipType": 1,
		"_statArray": {
			"_maxHealth": 0,
			"_maxMana": 0,
			"_maxStamina": 0,
			"_experience": 0,
			"_attackPower": 5,
			"_magicPower": 0,
			"_dexPower": 0,
			"_criticalRate": 0,
			"_magicCriticalRate": 0,
			"_evasion": 0.028,
			"_defense": 0,
			"_magicDefense": 0,
			"_fireResist": 0,
			"_waterResist": 0,
			"_natureResist": 0,
			"_earthResist": 0,
			"_holyResist": 0,
			"_shadowResist": 0
		},
		"_statModifierTable": { "m_Collection": "resources.assets", "m_PathID": 83450 },
		"_statModifierCost": {
			"_scriptItem": { "m_Collection": "resources.assets", "m_PathID": 0 },
			"_scriptItemQuantity": 0
		},
		"weaponType": { "m_Collection": "resources.assets", "m_PathID": 83454 },
		"_combatElement": { "m_Collection": "resources.assets", "m_PathID": 0 },
		"_weaponProjectileSet": { "m_Collection": "resources.assets", "m_PathID": 0 },
		"_weaponDamage": 18,
		"_damageBonus": 6,
		"_readonlyDamageRange": {
			"x": 18,
			"y": 27
		},
		"_weaponConditionSlot": {
			"_scriptableCondition": { "m_Collection": "resources.assets", "m_PathID": 0 },
			"_chance": 1,
			"_bonusPower": 0,
			"_bonusDuration": 0
		},
		"weaponMesh": { "m_Collection": "resources.assets", "m_PathID": 3051 },
		"weaponTexture": { "m_Collection": "resources.assets", "m_PathID": 1429 },
		"_textureColorAdjust": {
			"_hue": 1,
			"_saturation": 1.36,
			"_brightness": 0.17,
			"_contrast": 1.43
		},
		"trailColors": [
			{
				"r": 1,
				"g": 1,
				"b": 1,
				"a": 0.6392157
			},
			{
				"r": 0.5471698,
				"g": 0.5471698,
				"b": 0.5471698,
				"a": 0.5176471
			}
		],
		"_weaponHoldClipIndex": 2,
		"_weaponTakeOutSfxIndex": 2,
		"_weaponSwingSfxIndex": 1,
		"_setWeaponTakeOutSfx": { "m_Collection": "resources.assets", "m_PathID": 4459 },
		"_setWeaponSwingSfx": { "m_Collection": "resources.assets", "m_PathID": 4434 }
	}
}