{
	"m_CorrespondingSourceObject": { "m_Collection": "resources.assets", "m_PathID": 0 },
	"m_EditorClassIdentifier": "",
	"m_EditorHideFlags": 0,
	"m_Enabled": 1,
	"m_GameObject": { "m_Collection": "resources.assets", "m_PathID": 0 },
	"m_HideFlags": 0,
	"m_Name": "(lv-12) WEAPON_Sinner Bardiche (Polearm, Strength)",
	"m_PrefabAsset": { "m_Collection": "resources.assets", "m_PathID": 0 },
	"m_PrefabInstance": { "m_Collection": "resources.assets", "m_PathID": 0 },
	"m_Script": { "m_Collection": "resources.assets", "m_PathID": 751 },
	"m_Structure": {
		"_itemType": 0,
		"_itemName": "Sinner Bardiche",
		"_itemIcon": { "m_Collection": "resources.assets", "m_PathID": 5674 },
		"_itemRarity": 1,
		"_itemSortTag": 0,
		"_destroyOnDrop": false,
		"_itemDescription": "Blood of the sinners coat this weapon.",
		"_scriptableQuest": { "m_Collection": "resources.assets", "m_PathID": 0 },
		"_questTriggerTag": "",
		"_vendorCost": 432,
		"_maxStackAmount": 1,
		"_equipmentLevel": 12,
		"_classRequirement": { "m_Collection": "resources.assets", "m_PathID": 0 },
		"_equipType": 1,
		"_statArray": {
			"_maxHealth": 0,
			"_maxMana": 0,
			"_maxStamina": 0,
			"_experience": 0,
			"_attackPower": 4,
			"_magicPower": 0,
			"_dexPower": 0,
			"_criticalRate": 0.062,
			"_magicCriticalRate": 0,
			"_evasion": 0,
			"_defense": 0,
			"_magicDefense": 0,
			"_fireResist": 0,
			"_waterResist": 0,
			"_natureResist": 0,
			"_earthResist": 0,
			"_holyResist": 0,
			"_shadowResist": 0
		},
		"_statModifierTable": { "m_Collection": "resources.assets", "m_PathID": 83450 },
		"_statModifierCost": {
			"_scriptItem": { "m_Collection": "resources.assets", "m_PathID": 83159 },
			"_scriptItemQuantity": 1
		},
		"weaponType": { "m_Collection": "resources.assets", "m_PathID": 83454 },
		"_combatElement": { "m_Collection": "resources.assets", "m_PathID": 0 },
		"_weaponProjectileSet": { "m_Collection": "resources.assets", "m_PathID": 0 },
		"_weaponDamage": 8,
		"_damageBonus": 6,
		"_readonlyDamageRange": {
			"x": 8,
			"y": 17
		},
		"_weaponConditionSlot": {
			"_scriptableCondition": { "m_Collection": "resources.assets", "m_PathID": 82772 },
			"_chance": 0.026,
			"_bonusPower": 0,
			"_bonusDuration": -3
		},
		"weaponMesh": { "m_Collection": "resources.assets", "m_PathID": 2816 },
		"weaponTexture": { "m_Collection": "resources.assets", "m_PathID": 1232 },
		"_textureColorAdjust": {
			"_hue": -12,
			"_saturation": 1.56,
			"_brightness": 0.04,
			"_contrast": 1.58
		},
		"trailColors": [
			{
				"r": 1,
				"g": 0.2971698,
				"b": 0.2971698,
				"a": 0.6392157
			},
			{
				"r": 0.5188679,
				"g": 0,
				"b": 0,
				"a": 0.5176471
			}
		],
		"_weaponHoldClipIndex": 2,
		"_weaponTakeOutSfxIndex": 2,
		"_weaponSwingSfxIndex": 1,
		"_setWeaponTakeOutSfx": { "m_Collection": "resources.assets", "m_PathID": 4459 },
		"_setWeaponSwingSfx": { "m_Collection": "resources.assets", "m_PathID": 4434 }
	}
}