{
	"m_CorrespondingSourceObject": { "m_Collection": "resources.assets", "m_PathID": 0 },
	"m_EditorClassIdentifier": "",
	"m_EditorHideFlags": 0,
	"m_Enabled": 1,
	"m_GameObject": { "m_Collection": "resources.assets", "m_PathID": 0 },
	"m_HideFlags": 0,
	"m_Name": "(lv-22) WEAPON_Flametribe Spear (Polearm, Strength)",
	"m_PrefabAsset": { "m_Collection": "resources.assets", "m_PathID": 0 },
	"m_PrefabInstance": { "m_Collection": "resources.assets", "m_PathID": 0 },
	"m_Script": { "m_Collection": "resources.assets", "m_PathID": 751 },
	"m_Structure": {
		"_itemType": 0,
		"_itemName": "Flametribe Spear",
		"_itemIcon": { "m_Collection": "resources.assets", "m_PathID": 5733 },
		"_itemRarity": 0,
		"_itemSortTag": 0,
		"_destroyOnDrop": false,
		"_itemDescription": "",
		"_scriptableQuest": { "m_Collection": "resources.assets", "m_PathID": 0 },
		"_questTriggerTag": "",
		"_vendorCost": 1395,
		"_maxStackAmount": 1,
		"_equipmentLevel": 22,
		"_classRequirement": { "m_Collection": "resources.assets", "m_PathID": 0 },
		"_equipType": 1,
		"_statArray": {
			"_maxHealth": 0,
			"_maxMana": 0,
			"_maxStamina": 0,
			"_experience": 0,
			"_attackPower": 8,
			"_magicPower": 2,
			"_dexPower": 0,
			"_criticalRate": 0,
			"_magicCriticalRate": 0,
			"_evasion": 0,
			"_defense": 0,
			"_magicDefense": 0,
			"_fireResist": 0,
			"_waterResist": 0,
			"_natureResist": 0,
			"_earthResist": 0,
			"_holyResist": 0,
			"_shadowResist": 0
		},
		"_statModifierTable": { "m_Collection": "resources.assets", "m_PathID": 83450 },
		"_statModifierCost": {
			"_scriptItem": { "m_Collection": "resources.assets", "m_PathID": 0 },
			"_scriptItemQuantity": 0
		},
		"weaponType": { "m_Collection": "resources.assets", "m_PathID": 83454 },
		"_combatElement": { "m_Collection": "resources.assets", "m_PathID": 82766 },
		"_weaponProjectileSet": { "m_Collection": "resources.assets", "m_PathID": 0 },
		"_weaponDamage": 28,
		"_damageBonus": 3,
		"_readonlyDamageRange": {
			"x": 28,
			"y": 34
		},
		"_weaponConditionSlot": {
			"_scriptableCondition": { "m_Collection": "resources.assets", "m_PathID": 82779 },
			"_chance": 0.08,
			"_bonusPower": 3,
			"_bonusDuration": 2
		},
		"weaponMesh": { "m_Collection": "resources.assets", "m_PathID": 3183 },
		"weaponTexture": { "m_Collection": "resources.assets", "m_PathID": 1638 },
		"_textureColorAdjust": {
			"_hue": 0,
			"_saturation": 1.2,
			"_brightness": 0,
			"_contrast": 1
		},
		"trailColors": [
			{
				"r": 1,
				"g": 0.25943398,
				"b": 0.25943398,
				"a": 0.6392157
			},
			{
				"r": 1,
				"g": 0.5270967,
				"b": 0.25943398,
				"a": 0.5176471
			}
		],
		"_weaponHoldClipIndex": 2,
		"_weaponTakeOutSfxIndex": 2,
		"_weaponSwingSfxIndex": 1,
		"_setWeaponTakeOutSfx": { "m_Collection": "resources.assets", "m_PathID": 4459 },
		"_setWeaponSwingSfx": { "m_Collection": "resources.assets", "m_PathID": 4434 }
	}
}