{
	"m_CorrespondingSourceObject": { "m_Collection": "resources.assets", "m_PathID": 0 },
	"m_EditorClassIdentifier": "",
	"m_EditorHideFlags": 0,
	"m_Enabled": 1,
	"m_GameObject": { "m_Collection": "resources.assets", "m_PathID": 0 },
	"m_HideFlags": 0,
	"m_Name": "(lv-16) CHESTPIECE_Witchwizard Robe",
	"m_PrefabAsset": { "m_Collection": "resources.assets", "m_PathID": 0 },
	"m_PrefabInstance": { "m_Collection": "resources.assets", "m_PathID": 0 },
	"m_Script": { "m_Collection": "resources.assets", "m_PathID": 342 },
	"m_Structure": {
		"_itemType": 0,
		"_itemName": "Witchwizard Robe",
		"_itemIcon": { "m_Collection": "resources.assets", "m_PathID": 5284 },
		"_itemRarity": 1,
		"_itemSortTag": 0,
		"_destroyOnDrop": false,
		"_itemDescription": "Robe of the higher elite occult.",
		"_scriptableQuest": { "m_Collection": "resources.assets", "m_PathID": 0 },
		"_questTriggerTag": "",
		"_vendorCost": 1200,
		"_maxStackAmount": 1,
		"_equipmentLevel": 16,
		"_classRequirement": { "m_Collection": "resources.assets", "m_PathID": 82764 },
		"_equipType": 0,
		"_statArray": {
			"_maxHealth": 0,
			"_maxMana": 0,
			"_maxStamina": 0,
			"_experience": 0,
			"_attackPower": 0,
			"_magicPower": 8,
			"_dexPower": 0,
			"_criticalRate": 0,
			"_magicCriticalRate": 0,
			"_evasion": 0,
			"_defense": 8,
			"_magicDefense": 13,
			"_fireResist": 0,
			"_waterResist": 0,
			"_natureResist": 0,
			"_earthResist": 0,
			"_holyResist": 0,
			"_shadowResist": 0
		},
		"_statModifierTable": { "m_Collection": "resources.assets", "m_PathID": 83448 },
		"_statModifierCost": {
			"_scriptItem": { "m_Collection": "resources.assets", "m_PathID": 83156 },
			"_scriptItemQuantity": 1
		},
		"_conditionResistances": [
			
		],
		"_armorTexture": { "m_Collection": "resources.assets", "m_PathID": 943 },
		"_colorAdjustParams": {
			"_hue": 15,
			"_saturation": 0.46,
			"_brightness": 0.03,
			"_contrast": 1.21
		},
		"_canDyeArmor": false,
		"_legOverlayTexture": { "m_Collection": "resources.assets", "m_PathID": 0 },
		"_boobOverrideTexture": { "m_Collection": "resources.assets", "m_PathID": 815 },
		"_lockBoobs": true,
		"_disableJiggleBoobBones": false,
		"_neckCollarMesh": { "m_Collection": "resources.assets", "m_PathID": 0 },
		"_neckCollarTexture": { "m_Collection": "resources.assets", "m_PathID": 0 },
		"_chestRenderDisplay": { "m_Collection": "resources.assets", "m_PathID": 0 },
		"_chestRenderTexture": { "m_Collection": "resources.assets", "m_PathID": 0 },
		"_chestRenderBoobTexture": { "m_Collection": "resources.assets", "m_PathID": 0 },
		"_robeSkirtRender": { "m_Collection": "resources.assets", "m_PathID": 82827 },
		"_robeSkirtTexture": { "m_Collection": "resources.assets", "m_PathID": 2104 },
		"_hipMeshDisplay": { "m_Collection": "resources.assets", "m_PathID": 0 },
		"_hipMeshTexture": { "m_Collection": "resources.assets", "m_PathID": 0 },
		"_armCuffRender": { "m_Collection": "resources.assets", "m_PathID": 82808 },
		"_textureArms": true,
		"_shoulderPadDisplayType": 0,
		"_shoulderpadMesh": { "m_Collection": "resources.assets", "m_PathID": 2731 },
		"_shoulderpadTexture": { "m_Collection": "resources.assets", "m_PathID": 35 }
	}
}