{
	"m_CorrespondingSourceObject": { "m_Collection": "resources.assets", "m_PathID": 0 },
	"m_EditorClassIdentifier": "",
	"m_EditorHideFlags": 0,
	"m_Enabled": 1,
	"m_GameObject": { "m_Collection": "resources.assets", "m_PathID": 0 },
	"m_HideFlags": 0,
	"m_Name": "(lv-16) LEGGINGS_Witchwizard Garterbelt",
	"m_PrefabAsset": { "m_Collection": "resources.assets", "m_PathID": 0 },
	"m_PrefabInstance": { "m_Collection": "resources.assets", "m_PathID": 0 },
	"m_Script": { "m_Collection": "resources.assets", "m_PathID": 492 },
	"m_Structure": {
		"_itemType": 0,
		"_itemName": "Witchwizard Garterbelt",
		"_itemIcon": { "m_Collection": "resources.assets", "m_PathID": 5458 },
		"_itemRarity": 1,
		"_itemSortTag": 0,
		"_destroyOnDrop": false,
		"_itemDescription": "",
		"_scriptableQuest": { "m_Collection": "resources.assets", "m_PathID": 0 },
		"_questTriggerTag": "",
		"_vendorCost": 1000,
		"_maxStackAmount": 1,
		"_equipmentLevel": 16,
		"_classRequirement": { "m_Collection": "resources.assets", "m_PathID": 82764 },
		"_equipType": 0,
		"_statArray": {
			"_maxHealth": 0,
			"_maxMana": 5,
			"_maxStamina": 0,
			"_experience": 0,
			"_attackPower": 0,
			"_magicPower": 4,
			"_dexPower": 0,
			"_criticalRate": 0,
			"_magicCriticalRate": 0,
			"_evasion": 0,
			"_defense": 3,
			"_magicDefense": 5,
			"_fireResist": 0,
			"_waterResist": 0,
			"_natureResist": 0,
			"_earthResist": 0,
			"_holyResist": 0,
			"_shadowResist": 0
		},
		"_statModifierTable": { "m_Collection": "resources.assets", "m_PathID": 83448 },
		"_statModifierCost": {
			"_scriptItem": { "m_Collection": "resources.assets", "m_PathID": 83156 },
			"_scriptItemQuantity": 1
		},
		"_conditionResistances": [
			
		],
		"_armorTexture": { "m_Collection": "resources.assets", "m_PathID": 2083 },
		"_colorAdjustParams": {
			"_hue": 28,
			"_saturation": 0,
			"_brightness": 0.07,
			"_contrast": 2
		},
		"_canDyeArmor": false,
		"_legPieceRender_01": { "m_Collection": "resources.assets", "m_PathID": 0 },
		"_legPieceTexture_01": { "m_Collection": "resources.assets", "m_PathID": 2083 },
		"_legPieceRender_02": { "m_Collection": "resources.assets", "m_PathID": 0 },
		"_legPieceTexture_02": { "m_Collection": "resources.assets", "m_PathID": 2083 },
		"_legPieceRender_03": { "m_Collection": "resources.assets", "m_PathID": 0 },
		"_legPieceTexture_03": { "m_Collection": "resources.assets", "m_PathID": 2083 },
		"_legPieceRender_04": { "m_Collection": "resources.assets", "m_PathID": 0 },
		"_legPieceTexture_04": { "m_Collection": "resources.assets", "m_PathID": 2083 },
		"_textureUpperLegOnly": false,
		"_textureFeet": true
	}
}