{
	"m_CorrespondingSourceObject": { "m_Collection": "resources.assets", "m_PathID": 0 },
	"m_EditorClassIdentifier": "",
	"m_EditorHideFlags": 0,
	"m_Enabled": 1,
	"m_GameObject": { "m_Collection": "resources.assets", "m_PathID": 0 },
	"m_HideFlags": 0,
	"m_Name": "(lv-24) HELM_Wizlad Hood",
	"m_PrefabAsset": { "m_Collection": "resources.assets", "m_PathID": 0 },
	"m_PrefabInstance": { "m_Collection": "resources.assets", "m_PathID": 0 },
	"m_Script": { "m_Collection": "resources.assets", "m_PathID": 645 },
	"m_Structure": {
		"_itemType": 0,
		"_itemName": "Wizlad Hood",
		"_itemIcon": { "m_Collection": "resources.assets", "m_PathID": 5570 },
		"_itemRarity": 1,
		"_itemSortTag": 0,
		"_destroyOnDrop": false,
		"_itemDescription": "",
		"_scriptableQuest": { "m_Collection": "resources.assets", "m_PathID": 0 },
		"_questTriggerTag": "",
		"_vendorCost": 1480,
		"_maxStackAmount": 1,
		"_equipmentLevel": 24,
		"_classRequirement": { "m_Collection": "resources.assets", "m_PathID": 82764 },
		"_equipType": 0,
		"_statArray": {
			"_maxHealth": 0,
			"_maxMana": 7,
			"_maxStamina": 0,
			"_experience": 0,
			"_attackPower": 0,
			"_magicPower": 10,
			"_dexPower": 0,
			"_criticalRate": 0,
			"_magicCriticalRate": 0.0095,
			"_evasion": 0,
			"_defense": 6,
			"_magicDefense": 12,
			"_fireResist": 0,
			"_waterResist": 0,
			"_natureResist": 0,
			"_earthResist": 0,
			"_holyResist": 0,
			"_shadowResist": 0
		},
		"_statModifierTable": { "m_Collection": "resources.assets", "m_PathID": 83448 },
		"_statModifierCost": {
			"_scriptItem": { "m_Collection": "resources.assets", "m_PathID": 83193 },
			"_scriptItemQuantity": 1
		},
		"_conditionResistances": [
			
		],
		"_armorTexture": { "m_Collection": "resources.assets", "m_PathID": 1713 },
		"_colorAdjustParams": {
			"_hue": 1,
			"_saturation": 1,
			"_brightness": 0,
			"_contrast": 1
		},
		"_canDyeArmor": true,
		"_helmRender": { "m_Collection": "resources.assets", "m_PathID": 82820 },
		"_helmOverrideMesh": { "m_Collection": "resources.assets", "m_PathID": 2490 },
		"_blendHelmValue": 100,
		"_useHelmHairDisplay": true,
		"_hideEars": false,
		"_hideMisc": false,
		"_isFullHelm": false
	}
}