{
	"m_CorrespondingSourceObject": { "m_Collection": "resources.assets", "m_PathID": 0 },
	"m_EditorClassIdentifier": "",
	"m_EditorHideFlags": 0,
	"m_Enabled": 1,
	"m_GameObject": { "m_Collection": "resources.assets", "m_PathID": 0 },
	"m_HideFlags": 0,
	"m_Name": "(lv-0) STATUSCONSUMABLE_Magiflower",
	"m_PrefabAsset": { "m_Collection": "resources.assets", "m_PathID": 0 },
	"m_PrefabInstance": { "m_Collection": "resources.assets", "m_PathID": 0 },
	"m_Script": { "m_Collection": "resources.assets", "m_PathID": 615 },
	"m_Structure": {
		"_itemType": 1,
		"_itemName": "Magiflower",
		"_itemIcon": { "m_Collection": "resources.assets", "m_PathID": 4679 },
		"_itemRarity": 0,
		"_itemSortTag": 3,
		"_destroyOnDrop": false,
		"_itemDescription": "A gratuitous mind replenishing flower.",
		"_scriptableQuest": { "m_Collection": "resources.assets", "m_PathID": 0 },
		"_questTriggerTag": "",
		"_vendorCost": 200,
		"_maxStackAmount": 99,
		"_levelRequirement": 0,
		"_baseClassRequirement": { "m_Collection": "resources.assets", "m_PathID": 0 },
		"_consumableCooldown": 0.8,
		"_useOnlyInTown": false,
		"_unperishable": false,
		"_consumableObject": { "m_Collection": "resources.assets", "m_PathID": 24006 },
		"_healthApply": 0,
		"_manaApply": 120,
		"_staminaApply": 0,
		"_expGain": 0,
		"_resetSkillPoints": false,
		"_resetAttributePoints": false,
		"_consumableCondition": {
			"_scriptableCondition": { "m_Collection": "resources.assets", "m_PathID": 0 },
			"_chance": 1,
			"_bonusPower": 0,
			"_bonusDuration": 0
		}
	}
}