{
	"m_CorrespondingSourceObject": { "m_Collection": "resources.assets", "m_PathID": 0 },
	"m_EditorClassIdentifier": "",
	"m_EditorHideFlags": 0,
	"m_Enabled": 1,
	"m_GameObject": { "m_Collection": "resources.assets", "m_PathID": 0 },
	"m_HideFlags": 0,
	"m_Name": "(Potion) CONDITION_Spectral Powder",
	"m_PrefabAsset": { "m_Collection": "resources.assets", "m_PathID": 0 },
	"m_PrefabInstance": { "m_Collection": "resources.assets", "m_PathID": 0 },
	"m_Script": { "m_Collection": "resources.assets", "m_PathID": 873 },
	"m_Structure": {
		"_conditionName": "Spectral Powder",
		"_conditionIcon": { "m_Collection": "resources.assets", "m_PathID": 5708 },
		"_ID": 10,
		"_conditionGroup": { "m_Collection": "resources.assets", "m_PathID": 82786 },
		"_conditionAttribute": 3,
		"_displayConditionOnUI": true,
		"_conditionDescription": "Vanished. Cancels on attack.",
		"_duration": 3,
		"_repeatRate": 0,
		"_basePowerValue": 0,
		"_powerPercent": 1,
		"_isStackable": false,
		"_persistDuration": false,
		"_applyOnUnkillableEntities": true,
		"_cancelOnHit": false,
		"_cancelOnAttack": true,
		"_cancelOnSkillCast": 1,
		"_targetHealthNeededToApply": 0,
		"_applyByTargetHealth": false,
		"_conditionObject": { "m_Collection": "resources.assets", "m_PathID": 27322 },
		"_endConditionObject": { "m_Collection": "resources.assets", "m_PathID": 0 },
		"_statStruct": {
			"_maxHealth": 0,
			"_maxMana": 0,
			"_maxStamina": 0,
			"_experience": 0,
			"_attackPower": 0,
			"_magicPower": 0,
			"_dexPower": 0,
			"_criticalRate": 0,
			"_magicCriticalRate": 0,
			"_evasion": 0,
			"_defense": 0,
			"_magicDefense": 0,
			"_fireResist": 0,
			"_waterResist": 0,
			"_natureResist": 0,
			"_earthResist": 0,
			"_holyResist": 0,
			"_shadowResist": 0
		},
		"_applyHealth": 0,
		"_applyMana": 0,
		"_applyStamina": 0,
		"_damageAbsorbtionAmount": 0,
		"_instantKill": false,
		"_siphonHealth": false,
		"_transferHealthToMana": false,
		"_replenishAll": false,
		"_conditionResistances": [
			
		],
		"_knockbackImmunity": false,
		"_hideEntity": true,
		"_autoParry": false,
		"_castTimerMod": 0,
		"_cooldownMod": 0,
		"_ignoreSkillCost": false,
		"_moveControlLockBuffer": 0,
		"_combatControlLockBuffer": 0,
		"_castControlLockBuffer": 0,
		"_chanceToDropCurrency": 0,
		"_currencyPercentage": 0.6,
		"_currencyDropRate": 0,
		"_animTag": "",
		"_animlayer": 0,
		"_atkSpeedChange": 1,
		"_movSpeedPercentChange": 0,
		"_changeGravityMultiplier": 0,
		"_freezeGravity": false
	}
}